Authors,Title,Genus,species,Replicates,Temp,Max_filtering,sd_filtering,CI_filtering_upper,CI_filtering_low,units,half_saturation food density,half_sat_sd,half_sat_units,,algal_conc,daphnia_size,Excretion rate,exc_rate_mg_per_ind_day,sd_error_excretion,units_excretion,daphnia_reproduction,sd_repro,units_reproduction,daphnia_growth,sd_growth,95_growth,units_growth,daphnia_survival,sd_survival,95CI,range,units_survival,food_type,ammoium conc,units,nitrogen removal,units,max_ammonium_uptake,max_uptake_mg_day,max_uptake_units,max_uptake_sd,half_sat_amm,units,half_sat_mg_N_L ,sd_half_sat,range_half_sat,nitrogen removal,units,sd,death_rate,units_death,algal_death_per_day,95_conf_death,sd_death,range_death,growth_rate,units,sd,range,time_period(days),fit_method,nitrification,units,convert_mg_N_day,sd,range,75 quartile,N_conversion efficiency,Notes
Abou-Waly et al 1991,"Growth Response of Freshwater Algae, Anabaena flosquae and Selenastrum capricornutum to Atrazine and Hexazinone Herbicides",Selenestrum,capricornitum,3,,,,,,,,,,,,,,,,,,,,,,,,,,,,,,,,,,,,,,,,,,,,,,,,,,,,0.94,chla*day^-1,,,1,log transformed linear regression,,,,,,,,days 0-1
Abou-Waly et al 1992,"Growth Response of Freshwater Algae, Anabaena flosquae and Selenastrum capricornutum to Atrazine and Hexazinone Herbicides",Selenestrum,capricornitum,3,,,,,,,,,,,,,,,,,,,,,,,,,,,,,,,,,,,,,,,,,,,,,,,,,,,,0.92,chla*day^-2,,,3,log transformed linear regression,,,,,,,,days 0-3
Abou-Waly et al 1993,"Growth Response of Freshwater Algae, Anabaena flosquae and Selenastrum capricornutum to Atrazine and Hexazinone Herbicides",Selenestrum,capricornitum,3,,,,,,,,,,,,,,,,,,,,,,,,,,,,,,,,,,,,,,,,,,,,,,,,,,,,0.634,chla*day^-3,,,5,log transformed linear regression,,,,,,,,days 0-5
Abou-Waly et al 1994,"Growth Response of Freshwater Algae, Anabaena flosquae and Selenastrum capricornutum to Atrazine and Hexazinone Herbicides",Selenestrum,capricornitum,3,,,,,,,,,,,,,,,,,,,,,,,,,,,,,,,,,,,,,,,,,,,,,,,,,,,,0.556,chla*day^-4,,,7,log transformed linear regression,,,,,,,,days 0-7
Abou-Waly et al 1995,"Growth Response of Freshwater Algae, Anabaena flosquae and Selenastrum capricornutum to Atrazine and Hexazinone Herbicides",Selenestrum,capricornitum,3,,,,,,,,,,,,,,,,,,,,,,,,,,,,,,,,,,,,,,,,,,,,,,,,,,,,1.139,chla*day^-5,,,1,log transformed linear regression,,,,,,,,days 0-1
Abou-Waly et al 1996,"Growth Response of Freshwater Algae, Anabaena flosquae and Selenastrum capricornutum to Atrazine and Hexazinone Herbicides",Selenestrum,capricornitum,3,,,,,,,,,,,,,,,,,,,,,,,,,,,,,,,,,,,,,,,,,,,,,,,,,,,,0.924,chla*day^-6,,,3,log transformed linear regression,,,,,,,,days 0-3
Abou-Waly et al 1997,"Growth Response of Freshwater Algae, Anabaena flosquae and Selenastrum capricornutum to Atrazine and Hexazinone Herbicides",Selenestrum,capricornitum,3,,,,,,,,,,,,,,,,,,,,,,,,,,,,,,,,,,,,,,,,,,,,,,,,,,,,0.632,chla*day^-7,,,5,log transformed linear regression,,,,,,,,days 0-5
Abou-Waly et al 1998,"Growth Response of Freshwater Algae, Anabaena flosquae and Selenastrum capricornutum to Atrazine and Hexazinone Herbicides",Selenestrum,capricornitum,3,,,,,,,,,,,,,,,,,,,,,,,,,,,,,,,,,,,,,,,,,,,,,,,,,,,,0.505,chla*day^-8,,,7,log transformed linear regression,,,,,,,,days 0-7
Barbosa et al 2003,Overcoming Shear Stress of Microalgae cultures in sparged photobioreactors,Dunaliella,tertiolecta,1,30,,,,,,,,,,,,,,,,,,,,,,,,,,,,,,,,,,,,,,,,,,,,,0.33,cell conc/hour,,0.06,,,,,,,,"first order death rate, linear regression",,,,,,,,marine species
Barbosa et al 2004,Overcoming Shear Stress of Microalgae cultures in sparged photobioreactors,Dunaliella,tertiolecta,1,30,,,,,,,,,,,,,,,,,,,,,,,,,,,,,,,,,,,,,,,,,,,,,0.59,cell conc/hour,,0.11,,,,,,,,,,,,,,,,marine species
Barbosa et al 2005,Overcoming Shear Stress of Microalgae cultures in sparged photobioreactors,Dunaliella,tertiolecta,1,30,,,,,,,,,,,,,,,,,,,,,,,,,,,,,,,,,,,,,,,,,,,,,1.05,cell conc/hour,,0.009,,,,,,,,,,,,,,,,marine species
Barbosa et al 2006,Overcoming Shear Stress of Microalgae cultures in sparged photobioreactors,Dunaliella,tertiolecta,1,30,,,,,,,,,,,,,,,,,,,,,,,,,,,,,,,,,,,,,,,,,,,,,0.17,cell conc/hour,,0.03,,,,,,,,,,,,,,,,marine species
Barbosa et al 2007,Overcoming Shear Stress of Microalgae cultures in sparged photobioreactors,Dunaliella,tertiolecta,1,30,,,,,,,,,,,,,,,,,,,,,,,,,,,,,,,,,,,,,,,,,,,,,0.34,cell conc/hour,,0.04,,,,,,,,,,,,,,,,marine species
Barbosa et al 2008,Overcoming Shear Stress of Microalgae cultures in sparged photobioreactors,Dunaliella,tertiolecta,1,30,,,,,,,,,,,,,,,,,,,,,,,,,,,,,,,,,,,,,,,,,,,,,0.88,cell conc/hour,,0.1,,,,,,,,,,,,,,,,marine species
Barbosa et al 2009,Overcoming Shear Stress of Microalgae cultures in sparged photobioreactors,Dunaliella,tertiolecta,1,30,,,,,,,,,,,,,,,,,,,,,,,,,,,,,,,,,,,,,,,,,,,,,0.76,cell conc/hour,,0.02,,,,,,,,,,,,,,,,marine species
Barbosa et al 2010,Overcoming Shear Stress of Microalgae cultures in sparged photobioreactors,Dunaliella,tertiolecta,1,30,,,,,,,,,,,,,,,,,,,,,,,,,,,,,,,,,,,,,,,,,,,,,0.51,cell conc/hour,,0.05,,,,,,,,,,,,,,,,marine species
Barbosa et al 2011,Overcoming Shear Stress of Microalgae cultures in sparged photobioreactors,Dunaliella,tertiolecta,1,30,,,,,,,,,,,,,,,,,,,,,,,,,,,,,,,,,,,,,,,,,,,,,0.14,cell conc/hour,,0.03,,,,,,,,,,,,,,,,marine species
Barbosa et al 2012,Overcoming Shear Stress of Microalgae cultures in sparged photobioreactors,Dunaliella,tertiolecta,1,30,,,,,,,,,,,,,,,,,,,,,,,,,,,,,,,,,,,,,,,,,,,,,0.7,cell conc/hour,,0.03,,,,,,,,,,,,,,,,marine species
Barbosa et al 2013,Overcoming Shear Stress of Microalgae cultures in sparged photobioreactors,Dunaliella,tertiolecta,1,30,,,,,,,,,,,,,,,,,,,,,,,,,,,,,,,,,,,,,,,,,,,,,0.31,cell conc/hour,,0.04,,,,,,,,,,,,,,,,marine species
Barbosa et al 2014,Overcoming Shear Stress of Microalgae cultures in sparged photobioreactors,Dunaliella,tertiolecta,1,30,,,,,,,,,,,,,,,,,,,,,,,,,,,,,,,,,,,,,,,,,,,,,0.25,cell conc/hour,,0.05,,,,,,,,,,,,,,,,marine species
Barbosa et al 2004,Overcoming Shear Stress of Microalgae cultures in sparged photobioreactors,Dunaliella,salina,1,25,,,,,,,,,,,,,,,,,,,,,,,,,,,,,,,,,,,,,,,,,,,,,0.34,cell conc/hour,,0.05,,,,,,,,,,,,,,,,marine species
Barbosa et al 2005,Overcoming Shear Stress of Microalgae cultures in sparged photobioreactors,Dunaliella,salina,1,25,,,,,,,,,,,,,,,,,,,,,,,,,,,,,,,,,,,,,,,,,,,,,0.7,cell conc/hour,,0.15,,,,,,,,,,,,,,,,marine species
Barbosa et al 2006,Overcoming Shear Stress of Microalgae cultures in sparged photobioreactors,Dunaliella,salina,1,25,,,,,,,,,,,,,,,,,,,,,,,,,,,,,,,,,,,,,,,,,,,,,1.62,cell conc/hour,,0.3,,,,,,,,,,,,,,,,marine species
Barbosa et al 2007,Overcoming Shear Stress of Microalgae cultures in sparged photobioreactors,Dunaliella,salina,1,25,,,,,,,,,,,,,,,,,,,,,,,,,,,,,,,,,,,,,,,,,,,,,0.2,cell conc/hour,,0.04,,,,,,,,,,,,,,,,marine species
Barbosa et al 2008,Overcoming Shear Stress of Microalgae cultures in sparged photobioreactors,Dunaliella,salina,1,25,,,,,,,,,,,,,,,,,,,,,,,,,,,,,,,,,,,,,,,,,,,,,0.05,cell conc/hour,,0.01,,,,,,,,,,,,,,,,marine species
Barbosa et al 2009,Overcoming Shear Stress of Microalgae cultures in sparged photobioreactors,Dunaliella,salina,1,25,,,,,,,,,,,,,,,,,,,,,,,,,,,,,,,,,,,,,,,,,,,,,0.09,cell conc/hour,,0.01,,,,,,,,,,,,,,,,marine species
Barbosa et al 2010,Overcoming Shear Stress of Microalgae cultures in sparged photobioreactors,Dunaliella,salina,1,25,,,,,,,,,,,,,,,,,,,,,,,,,,,,,,,,,,,,,,,,,,,,,0.18,cell conc/hour,,0.04,,,,,,,,,,,,,,,,marine species
Barbosa et al 2011,Overcoming Shear Stress of Microalgae cultures in sparged photobioreactors,Dunaliella,salina,1,25,,,,,,,,,,,,,,,,,,,,,,,,,,,,,,,,,,,,,,,,,,,,,0.76,cell conc/hour,,0.13,,,,,,,,,,,,,,,,marine species
Barbosa et al 2012,Overcoming Shear Stress of Microalgae cultures in sparged photobioreactors,Dunaliella,salina,1,25,,,,,,,,,,,,,,,,,,,,,,,,,,,,,,,,,,,,,,,,,,,,,0.42,cell conc/hour,,0.04,,,,,,,,,,,,,,,,marine species
Barbosa et al 2013,Overcoming Shear Stress of Microalgae cultures in sparged photobioreactors,Dunaliella,salina,1,25,,,,,,,,,,,,,,,,,,,,,,,,,,,,,,,,,,,,,,,,,,,,,0.08,cell conc/hour,,0.04,,,,,,,,,,,,,,,,marine species
Barbosa et al 2014,Overcoming Shear Stress of Microalgae cultures in sparged photobioreactors,Dunaliella,salina,1,25,,,,,,,,,,,,,,,,,,,,,,,,,,,,,,,,,,,,,,,,,,,,,0.26,cell conc/hour,,0.08,,,,,,,,,,,,,,,,marine species
Bontje et al 2009,Modelling long-term ecotoxicological effects on an algal population under dynamic nutrient stress,Cryptomonas ,sp,4,,,,,,,,,,,,,,,,,,,,,,,,,,,,,,,,,,,,,,0.00027,mol N L^-1,3.781809,0.000219,,,,,,,,,,,1.27,day^-1,0.159,,,,,,,,,,,not clear if toxins present
Bontje et al 2009,Modelling long-term ecotoxicological effects on an algal population under dynamic nutrient stress,Cryptomonas ,sp,4,,,,,,,,,,,,,,,,,,,,,,,,,,,,,,,,,,,,,,0.0000912,mol N L^-1,1.27741104,0.00029,,,,,,,,,,,0.805,day^-1,0.324,,,,,,,,,,,not clear if toxins present
Estrada et al. 2009,Determination of biogeochemical parameters in eutrophication models with simultaneous dynamic optimization approaches,Chlorophyta,,,,,,,,,,,,,,,,,,,,,,,,,,,,,,,,,,,,,,,,,,,,,,,,0.147,day^-1,0.147,,,0.001-0.5,0.785,day^-1,,0.5-5,,,,,,,,,,"based on field data, not specific species"
Estrada and Diaz 2010,Global sensitivity analysis in the development of first principal-based eutrophication models,Chlorophyta,,,,,,,,,,,,,,,,,,,,,,,,,,,,,,,,,,,,,,,,,,,,,,,,,,,,,,,,,,,,0.09,day^-1,0.09,,,,,not at all clear how they estimated this number
"Genkai-Kato, 2004",Nutritional value of algea: a critical control on the stability of Daphnia-algal systems,Scenedesmus,acuminatus,,,,,,,,,,,,,,,,,,,,,,,,,,,,,,,,,,,,,,,,,,,,,,,0.02,day^-1,0.02,,,,,,,,,,,,,,,,,
Sommer 1989,"Nutrient status and nutrient competition of phytoplankton in a shallow, hypertrophic lake",Scenedesmus,acuminatus,3,,,,,,,,,,,,,,,,,,,,,,,,,,,,,,,,,,0.72,,day^-1,,1.73,mmol N/L,24.33591,,,,,,,,,,,,,,,,,,,,,,,,,
Fasham et al 1900,A nitrogen-based model of plankton dynamics in the oceanic mixed layer,unk,,,,,,,,,,,,,,,,,,,,,,,,,,,,,,,,,,,,,,,,0.5,mmol N/L,7.00335,,0.25-0.75,,,,0.09,,0.09,,,0.045-0.11,,,,,,,,,,,,,,"field fitted, marine, I think range is of parameters tried not necessarily the confidence on their parameters hard to tell"
Hecky and Fee 1981,Primary production and rates of algal growth in Lake Tanganyika,Anabaena/mixed,,,,,,,,,,,,,,,,,,,,,,,,,,,,,,,,,,,,,,,,,,,,,,,,,,,,,,0.9,day^-1,,0.1-3,,,,,,,,,,"field fitted, freshwater tropical lake"
Hersh and Crumpton 1987,Determination of growth rate depression of some green algae by atrazine,Chlamydomonas,reinhardii,3,,,,,,,,,,,,,,,,,,,,,,,,,,,,,,,,,,,,,,,,,,,,,,,,,,,,2.24,day^-1,,,,,,,,,,,,"day 1-2, measured optical densities (eg chlorophyl?)"
Hersh and Crumpton 1988,Determination of growth rate depression of some green algae by atrazine,Chlamydomonas,reinhardii,3,,,,,,,,,,,,,,,,,,,,,,,,,,,,,,,,,,,,,,,,,,,,,,,,,,,,0.08,day^-1,,,,,,,,,,,,day2-3
Hersh and Crumpton 1989,Determination of growth rate depression of some green algae by atrazine,Chlamydomonas,reinhardii,3,,,,,,,,,,,,,,,,,,,,,,,,,,,,,,,,,,,,,,,,,,,,,,,,,,,,2.12,day^-1,,,,,,,,,,,,day 1-2
Hersh and Crumpton 1990,Determination of growth rate depression of some green algae by atrazine,Chlamydomonas,reinhardii,3,,,,,,,,,,,,,,,,,,,,,,,,,,,,,,,,,,,,,,,,,,,,,,,,,,,,1.37,day^-1,,,,,,,,,,,,day 2-3
Hongping and Jianyi 2002,Study on the algal dynamic model for west lake Hangzhou,Chlorophyta,,,,,,,,,,,,,,,,,,,,,,,,,,,,,,,,,,,,,,,,,,,,,,,,,,,,,,2.35,day^-1,,,,,,,,,,,,
Cabanelas et al 2013,From waste to energy: microalgae production in wastewater and glycerol,Botryococcus terribilis,,3,,,,,,,,,,,,,,,,,,,,,,,,,,,,,,,,2.63,mg/Lday,,,,,,,,,,,,,,,,,,,,,,,,,,,,,,,,
Cabanelas et al 2013,From waste to energy: microalgae production in wastewater and glycerol,Chlorella,vulgaris,3,,,,,,,,,,,,,,,,,,,,,,,,,,,,,,,,3.03,mg/Lday,,,,,,,,,,,,,,,,,,,,,,,,,,,,,,,,
Jia et al 2010,The development of a multi-species algal ecodynamic model for urban surface water systems and its application,Chlorophyta,,,,,,,,,,,,,,,,,,,,,,,,,,,,,,,,,,,,,,,,0.4,mgN/L,0.4,,,,,,,,,,,,1,day^-1,,,,,0.09,day^-1,0.09,,0.025-5.7,,,
Liebig et al 2008,Direct and indirect effects of pollutants on algae and algivorous ciliates in an aquatic microcosm,Cryptomonas ,,4,,,,,,,,,,,,,,,,,,,,,,,,,,,,,,,,,,,,,,,,,,,,,,,,,,,,0.517,day^-1,0.02,,0-3,,,,,,,,,data taken from figure one using datathief
Liebig et al 2009,Direct and indirect effects of pollutants on algae and algivorous ciliates in an aquatic microcosm,Cryptomonas ,,4,,,,,,,,,,,,,,,,,,,,,,,,,,,,,,,,,,,,,,,,,,,,,,,,,,,,0.42,day^-1,0.0198,,0-5,,,,,,,,,data taken from figure one using datathief
Liebig et al 2010,Direct and indirect effects of pollutants on algae and algivorous ciliates in an aquatic microcosm,Cryptomonas ,,4,,,,,,,,,,,,,,,,,,,,,,,,,,,,,,,,,,,,,,,,,,,,,,,,,,,,0.318,day^-1,0.0166,,0-7,,,,,,,,,data taken from figure one using datathief
Liebig et al 2011,Direct and indirect effects of pollutants on algae and algivorous ciliates in an aquatic microcosm,Cryptomonas ,,4,,,,,,,,,,,,,,,,,,,,,,,,,,,,,,,,,,,,,,,,,,,,,,,,,,,,0.234,day^-1,0.008,,0-10,,,,,,,,,data taken from figure one using datathief
Liebig et al 2011,Direct and indirect effects of pollutants on algae and algivorous ciliates in an aquatic microcosm,Cryptomonas ,,4,,,,,,,,,,,,,,,,,,,,,,,,,,,,,,,,,,,,,,,,,,,,,,,,,,,,0.162,day^-1,0.006,,0-14,,,,,,,,,
Mesple et al 1993,Some difficulties in modelling chlorophyll a evolution in a high rate algal pond ecosystem,,,,,,,,,,,,,,,,,,,,,,,,,,,,,,,,,,,,,,,,,,,,,,,,,,,,,,,3,day^-1,,,,,,,,,,,,the data is from um but maybe should have taken e
Nag-Jong et al 2002,Simple Monodimensional Model for Linear Growth Rate of Photosynthetic microorganisms in flat-plate photobioreactors,Chlorella,kessleri,,,,,,,,,,,,,,,,,,,,,,,,,,,,,,,,,,,,,,,,,,,,,,,,,,,,,,,,,,,,,,,,,,
Rarrek et al 2016,Simulation and optimization of large open algae ponds,,,,,,,,,,,,,,,,,,,,,,,,,,,,,,,,,,,,,,,,,,,,,,,,,0.0015,1/time step,0.0015,,,,0.031,1/timestep,,,,,,,,,,,,not sure if data is fitted from this paper or from reference paper
Whitehead and Hornberger 1984,Modelling algal behaviour in the river thames,mixed,,,,,,,,,,,,,,,,,,,,,,,,,,,,,,,,,,,,,,,,,,,,,,,,0.3,per week,0.0125,,,,9.333333333,per week,,,,,,,,,,,,data mean from  three simulation
Yao et al 2010,A model and experimental study of phosphate uptake kinetics in algae: Considering surface adsoption and P-stress,scenedesmus,quadricauda,,25,,,,,,,,,,,,,,,,,,,,,,,,,,,,,,,,,,,,,,,,,,,,,,,,,,,0.0002,per minute,,,,,,,,,,,,
Yi et al 2016,Global sensitivity analysis of a three-dimensional nutrients-algae dynamic model for a large shallow lake,mixed,,,,,,,,,,,,,,,,,,,,,,,,,,,,,,,,,,,,,,,,0.002,mg/L,0.002,,,,,,,,,,,,2.95,per day,,,,,,,,,,,,
Huisman et al 2002,Principals of the light-limited chemostat: theory and ecological application,Chlorella,vulgaris,,,,,,,,,,,,,,,,,,,,,,,,,,,,,,,,,,,,,,,,,,,,,,,,,,,,,0.076,per hour,,,,,,,,,,,,"data from figure 6, more growth curves reported"
An et al 2003,Hydrocarbon production from secondarily treated piggery wastewater by the green alga Botryococcus braunii,Botryococcus,braunii,3,,,,,,,,,,,,,,,,,,,,,,,,,,,,,,10,mg N per liter,,,,,,,,,,,,,,,,,,,,,0.014,per hour,,,,,,,,,,,,
An et al 2004,Hydrocarbon production from secondarily treated piggery wastewater by the green alga Botryococcus braunii,Botryococcus,braunii,3,,,,,,,,,,,,,,,,,,,,,,,,,,,,,,51,mg N per liter,,,,,,,,,,,,,,,,,,,,,0.033,per hour,,,,,,,,,,,,
An et al 2005,Hydrocarbon production from secondarily treated piggery wastewater by the green alga Botryococcus braunii,Botryococcus,braunii,3,,,,,,,,,,,,,,,,,,,,,,,,,,,,,,102,mg N per liter,,,,,,,,,,,,,,,,,,,,,0.033,per hour,,,,,,,,,,,,
An et al 2006,Hydrocarbon production from secondarily treated piggery wastewater by the green alga Botryococcus braunii,Botryococcus,braunii,3,,,,,,,,,,,,,,,,,,,,,,,,,,,,,,204,mg N per liter,,,,,,,,,,,,,,,,,,,,,0.034,per hour,,,,,,,,,,,,
An et al 2007,Hydrocarbon production from secondarily treated piggery wastewater by the green alga Botryococcus braunii,Botryococcus,braunii,3,,,,,,,,,,,,,,,,,,,,,,,,,,,,,,510,mg N per liter,,,,,,,,,,,,,,,,,,,,,0.034,per hour,,,,,,,,,,,,
An et al 2008,Hydrocarbon production from secondarily treated piggery wastewater by the green alga Botryococcus braunii,Botryococcus,braunii,3,,,,,,,,,,,,,,,,,,,,,,,,,,,,,,1020,mg N per liter,,,,,,,,,,,,,,,,,,,,,0.024,per hour,,,,,,,,,,,,
Arensberg et al 1995,A miniscale algal toxicity test,Selenestrum,capricornitum,,22,,,,,,,,,,,,,,,,,,,,,,,,,,,,,,,,,,,,,,,,,,,,,,,,,,,0.26,per day,,,0-1,,,,,,,,,different vials
Arensberg et al 1996,A miniscale algal toxicity test,Selenestrum,capricornitum,,22,,,,,,,,,,,,,,,,,,,,,,,,,,,,,,,,,,,,,,,,,,,,,,,,,,,2.43,per day,,,2,,,,,,,,,different vials
Arensberg et al 1997,A miniscale algal toxicity test,Selenestrum,capricornitum,,22,,,,,,,,,,,,,,,,,,,,,,,,,,,,,,,,,,,,,,,,,,,,,,,,,,,2.4,per day,,,3,,,,,,,,,different vials
Arensberg et al 1998,A miniscale algal toxicity test,Selenestrum,capricornitum,,22,,,,,,,,,,,,,,,,,,,,,,,,,,,,,,,,,,,,,,,,,,,,,,,,,,,1.59,per day,,,0-1,,,,,,,,,different vials
Arensberg et al 1999,A miniscale algal toxicity test,Selenestrum,capricornitum,,22,,,,,,,,,,,,,,,,,,,,,,,,,,,,,,,,,,,,,,,,,,,,,,,,,,,1.64,per day,,,2,,,,,,,,,different vials
Arensberg et al 2000,A miniscale algal toxicity test,Selenestrum,capricornitum,,22,,,,,,,,,,,,,,,,,,,,,,,,,,,,,,,,,,,,,,,,,,,,,,,,,,,2.74,per day,,,3,,,,,,,,,different vials
Arensberg et al 2001,A miniscale algal toxicity test,Selenestrum,capricornitum,,22,,,,,,,,,,,,,,,,,,,,,,,,,,,,,,,,,,,,,,,,,,,,,,,,,,,0.87,per day,,,0-1,,,,,,,,,different vials
Arensberg et al 2002,A miniscale algal toxicity test,Selenestrum,capricornitum,,22,,,,,,,,,,,,,,,,,,,,,,,,,,,,,,,,,,,,,,,,,,,,,,,,,,,1.58,per day,,,2,,,,,,,,,different vials
Arensberg et al 2003,A miniscale algal toxicity test,Selenestrum,capricornitum,,22,,,,,,,,,,,,,,,,,,,,,,,,,,,,,,,,,,,,,,,,,,,,,,,,,,,1.25,per day,,,3,,,,,,,,,different vials
Arensberg et al 2004,A miniscale algal toxicity test,Selenestrum,capricornitum,,22,,,,,,,,,,,,,,,,,,,,,,,,,,,,,,,,,,,,,,,,,,,,,,,,,,,2.21,per day,,,0-1,,,,,,,,,different vials
Arensberg et al 2005,A miniscale algal toxicity test,Selenestrum,capricornitum,,22,,,,,,,,,,,,,,,,,,,,,,,,,,,,,,,,,,,,,,,,,,,,,,,,,,,2.37,per day,,,2,,,,,,,,,different vials
Arensberg et al 2006,A miniscale algal toxicity test,Selenestrum,capricornitum,,22,,,,,,,,,,,,,,,,,,,,,,,,,,,,,,,,,,,,,,,,,,,,,,,,,,,1.72,per day,,,3,,,,,,,,,different vials
Christy et al 1981,Glyphosate on the growth rate of chlorella,Chlorella,sorokiniana,3,,,,,,,,,,,,,,,,,,,,,,,,,,,,,,,,,,,,,,,,,,,,,,,,,,,,10.4,doublings/day,0.2,,,,,,,,,,,
Dunker et al 2013,"Contrasting effects of the cyanobacterium Microcystis aeruginosa on the growth and physiology of two green algae, Oocystis marsonii and Scenedesmus obliquus, revealed by flow cytometry",Oocystis,marsonii,3,20,,,,,,,,,,,,,,,,,,,,,,,,,,,,,,,,,,,,,,,,,,,,,,,,,,,0.8,per day,0.12,,1,,,,,,,,,
Dunker et al 2013,"Contrasting effects of the cyanobacterium Microcystis aeruginosa on the growth and physiology of two green algae, Oocystis marsonii and Scenedesmus obliquus, revealed by flow cytometry",Oocystis,marsonii,3,20,,,,,,,,,,,,,,,,,,,,,,,,,,,,,,,,,,,,,,,,,,,,,,,,,,,0.7,per day,0.11,,8,,,,,,,,,
Gong and Chen 1997,Optimization of culture medium for growth of Haematococcus pluvialis,Haemetococcus ,pluvialis,6,25,,,,,,,,,,,,,,,,,,,,,,,,,,,,,,,,,,,,,,,,,,,,,,,,,,,0.5655,g per L per day,,,,,,,,,,,,
Jeon et al 2006,Combined effects of light intensity and acetate concentrations on the growth on the unicellular microalga Haematococcus pluvialis,Haemetococcus ,pluvialis,3,25,,,,,,,,,,,,,,,,,,,,,,,,,,,,,,,,,,,,,,,,,,,,,,,,,,,0.133,g per L per day,0.008,,,,,,,,,,,different sodium acetate concentrations
Jeon et al 2006,Combined effects of light intensity and acetate concentrations on the growth on the unicellular microalga Haematococcus pluvialis,Haemetococcus ,pluvialis,3,25,,,,,,,,,,,,,,,,,,,,,,,,,,,,,,,,,,,,,,,,,,,,,,,,,,,0.144,g per L per day,0.012,,,,,,,,,,,different sodium acetate concentrations
Jeon et al 2006,Combined effects of light intensity and acetate concentrations on the growth on the unicellular microalga Haematococcus pluvialis,Haemetococcus ,pluvialis,3,25,,,,,,,,,,,,,,,,,,,,,,,,,,,,,,,,,,,,,,,,,,,,,,,,,,,0.104,g per L per day,0.012,,,,,,,,,,,different sodium acetate concentrations
Jeon et al 2006,Combined effects of light intensity and acetate concentrations on the growth on the unicellular microalga Haematococcus pluvialis,Haemetococcus ,pluvialis,3,25,,,,,,,,,,,,,,,,,,,,,,,,,,,,,,,,,,,,,,,,,,,,,,,,,,,0.103,g per L per day,0.012,,,,,,,,,,,different sodium acetate concentrations
Jeon et al 2006,Combined effects of light intensity and acetate concentrations on the growth on the unicellular microalga Haematococcus pluvialis,Haemetococcus ,pluvialis,3,25,,,,,,,,,,,,,,,,,,,,,,,,,,,,,,,,,,,,,,,,,,,,,,,,,,,0.13,g per L per day,0.011,,,,,,,,,,,different sodium acetate concentrations
Jeon et al 2006,Combined effects of light intensity and acetate concentrations on the growth on the unicellular microalga Haematococcus pluvialis,Haemetococcus ,pluvialis,3,25,,,,,,,,,,,,,,,,,,,,,,,,,,,,,,,,,,,,,,,,,,,,,,,,,,,0.062,g per L per day,0.054,,,,,,,,,,,different sodium acetate concentrations
Jeon et al 2006,Combined effects of light intensity and acetate concentrations on the growth on the unicellular microalga Haematococcus pluvialis,Haemetococcus ,pluvialis,3,25,,,,,,,,,,,,,,,,,,,,,,,,,,,,,,,,,,,,,,,,,,,,,,,,,,,0.21,g per L per day,0.191,,,,,,,,,,,different sodium acetate concentrations
Jeon et al 2006,Combined effects of light intensity and acetate concentrations on the growth on the unicellular microalga Haematococcus pluvialis,Haemetococcus ,pluvialis,3,25,,,,,,,,,,,,,,,,,,,,,,,,,,,,,,,,,,,,,,,,,,,,,,,,,,,0.096,g per L per day,0.104,,,,,,,,,,,different sodium acetate concentrations
Jeon et al 2006,Combined effects of light intensity and acetate concentrations on the growth on the unicellular microalga Haematococcus pluvialis,Haemetococcus ,pluvialis,3,25,,,,,,,,,,,,,,,,,,,,,,,,,,,,,,,,,,,,,,,,,,,,,,,,,,,0.21,g per L per day,0.207,,,,,,,,,,,different sodium acetate concentrations
Jeon et al 2006,Combined effects of light intensity and acetate concentrations on the growth on the unicellular microalga Haematococcus pluvialis,Haemetococcus ,pluvialis,3,25,,,,,,,,,,,,,,,,,,,,,,,,,,,,,,,,,,,,,,,,,,,,,,,,,,,0.84,g per L per day,0.081,,,,,,,,,,,different sodium acetate concentrations
Jeon et al 2006,Combined effects of light intensity and acetate concentrations on the growth on the unicellular microalga Haematococcus pluvialis,Haemetococcus ,pluvialis,3,25,,,,,,,,,,,,,,,,,,,,,,,,,,,,,,,,,,,,,,,,,,,,,,,,,,,0.243,g per L per day,0.255,,,,,,,,,,,different sodium acetate concentrations
Jeon et al 2006,Combined effects of light intensity and acetate concentrations on the growth on the unicellular microalga Haematococcus pluvialis,Haemetococcus ,pluvialis,3,25,,,,,,,,,,,,,,,,,,,,,,,,,,,,,,,,,,,,,,,,,,,,,,,,,,,0.7,g per L per day,0.086,,,,,,,,,,,different sodium acetate concentrations
Jeon et al 2006,Combined effects of light intensity and acetate concentrations on the growth on the unicellular microalga Haematococcus pluvialis,Haemetococcus ,pluvialis,3,25,,,,,,,,,,,,,,,,,,,,,,,,,,,,,,,,,,,,,,,,,,,,,,,,,,,0.14,g per L per day,0.133,,,,,,,,,,,different sodium acetate concentrations
Jeon et al 2006,Combined effects of light intensity and acetate concentrations on the growth on the unicellular microalga Haematococcus pluvialis,Haemetococcus ,pluvialis,3,25,,,,,,,,,,,,,,,,,,,,,,,,,,,,,,,,,,,,,,,,,,,,,,,,,,,0.15,g per L per day,0.15,,,,,,,,,,,different sodium acetate concentrations
Katsuda et al 2006,Effect of flashing light from blue light emitting diodes on cell growth and astazanthin production of haematococcus pluvialis,Haemetococcus ,pluvialis,,,,,,,,,,,,,,,,,,,,,,,,,,,,,,,,,,,,,,,,,,,,,,,,,,,,,0.03,per hour,0.005,,,,,,,,,,,
Katsuda et al 2006,Effect of flashing light from blue light emitting diodes on cell growth and astazanthin production of haematococcus pluvialis,Haemetococcus ,pluvialis,,,,,,,,,,,,,,,,,,,,,,,,,,,,,,,,,,,,,,,,,,,,,,,,,,,,,0.000043,per hour,0.5,,,,,,,,,,,
Kruskopf and Du Plessis 2004,Induction of both acid and alkaline phosphate activity in two green-algae (chlorophyceae) in low N and P concentrations,Chlorella,sp,6,18,,,,,,,,,,,,,,,,,,,,,,,,,,,,,,,,,,,,,,,,,,,,,,,,,,,0.44,per day,0.024494897,,,,,,,,,,,
Kruskopf and Du Plessis 2004,Induction of both acid and alkaline phosphate activity in two green-algae (chlorophyceae) in low N and P concentrations,Chlamydomonas,sp,6,18,,,,,,,,,,,,,,,,,,,,,,,,,,,,,,,,,,,,,,,,,,,,,,,,,,,0.43,per day,1.053280589,,,,,,,,,,,
Long et al 2011,"Numerical simulation for impactsof hydrodynamic conditions on algae growth in Chongqing Section of Jialing River, China",Mixed,,,,,,,,,,,,,,,,,,,,,,,,,,,,,,,,,,,,,,,,,,,,,,,,0.185,per day,0.185,,,,1.27,per day,,,,,,,,,,,,
Mayer et al 2000,"Algal growth inhibition test in filled, closed bottles for volatile and sorptive materials",Pseudokirchneriella ,subcapitata,3,,,,,,,,,,,,,,,,,,,,,,,,,,,,,,,,,,,,,,,,,,,,,,,,,,,,2.3,per day,,,,,,,,,,,,only took rates reported in writing didn't take from figure 2 because error type isn't reported anyway- closed head space- also 3 reps is a guess bc their other experiment was 3
Mayer et al 2001,"Algal growth inhibition test in filled, closed bottles for volatile and sorptive materials",Pseudokirchneriella ,subcapitata,3,,,,,,,,,,,,,,,,,,,,,,,,,,,,,,,,,,,,,,,,,,,,,,,,,,,,2.1,per day,,,,,,,,,,,,only took rates reported in writing didn't take from figure 2 because error type isn't reported anyway- closed head space- also 3 reps is a guess bc their other experiment was 4
Mayer et al 2002,"Algal growth inhibition test in filled, closed bottles for volatile and sorptive materials",Pseudokirchneriella ,subcapitata,3,,,,,,,,,,,,,,,,,,,,,,,,,,,,,,,,,,,,,,,,,,,,,,,,,,,,1.9,per day,,,,,,,,,,,,only took rates reported in writing didn't take from figure 2 because error type isn't reported anyway- open head space
Nyholm 1990,Expression of results from growth inhibition toxicity tests with algae,Selenestrum,capricornitum,3,,,,,,,,,,,,,,,,,,,,,,,,,,,,,,,,,,,,,,,,,,,,,,,,,,,,1.81,per day,,,,,,,,,,,,not sure about replicates- says from 6 experiments---.. But\
Nyholm 1990,Expression of results from growth inhibition toxicity tests with algae,Selenestrum,capricornitum,3,,,,,,,,,,,,,,,,,,,,,,,,,,,,,,,,,,,,,,,,,,,,,,,,,,,,1.75,per day,,,,,,,,,,,,not sure about replicates- says 2-4 replicates
Nyholm 1990,Expression of results from growth inhibition toxicity tests with algae,Scenedesmus,subspicatus,3,,,,,,,,,,,,,,,,,,,,,,,,,,,,,,,,,,,,,,,,,,,,,,,,,,,,1.7,per day,,,,,,,,,,,,not sure about replicates- says 2-4 replicates
Nyholm 1990,Expression of results from growth inhibition toxicity tests with algae,Scenedesmus,subspicatus,3,,,,,,,,,,,,,,,,,,,,,,,,,,,,,,,,,,,,,,,,,,,,,,,,,,,,1.7,per day,,,,,,,,,,,,not sure about replicates- says 2-4 replicates
Ogawa and Aiba 1981,Bioenergetic analysis of mixotrophic growth in chlorella vulgaris and scenedesmus acutus,Chlorella,vulgaris,2,30,,,,,,,,,,,,,,,,,,,,,,,,,,,,,,,,,,,,,,,,,,,,,,,,,,,0.11265,per hour,,,,,,,,,,,,taken from autotroph treatment
Ogawa and Aiba 1981,Bioenergetic analysis of mixotrophic growth in chlorella vulgaris and scenedesmus acutus,Scenedesmus,acutus,1,30,,,,,,,,,,,,,,,,,,,,,,,,,,,,,,,,,,,,,,,,,,,,,,,,,,,0.05,per hour,,,,,,,,,,,,taken from autotroph treatment
Pohl et al 2014,Inhibition of green algae growth by corrole-based photosensitizers,Chlorella,fusca var vacuolata,9,,,,,,,,,,,,,,,,,,,,,,,,,,,,,,,,,,,,,,,,,,,,,,,,,,,,0.0176,per day,,,4,,,,,,,,,"taken from reference bars, day 4 and day 18 sd bars extremely tiny couldn't get data"
Pohl et al 2015,Inhibition of green algae growth by corrole-based photosensitizers,Chlorella,fusca var vacuolata,9,,,,,,,,,,,,,,,,,,,,,,,,,,,,,,,,,,,,,,,,,,,,,,,,,,,,0.1183,per day,0.003,,7,,,,,,,,,"taken from reference bars, day 4 and day 18 sd bars extremely tiny couldn't get data"
Pohl et al 2016,Inhibition of green algae growth by corrole-based photosensitizers,Chlorella,fusca var vacuolata,9,,,,,,,,,,,,,,,,,,,,,,,,,,,,,,,,,,,,,,,,,,,,,,,,,,,,0.169,per day,0.0059,,8,,,,,,,,,"taken from reference bars, day 4 and day 18 sd bars extremely tiny couldn't get data"
Pohl et al 2017,Inhibition of green algae growth by corrole-based photosensitizers,Chlorella,fusca var vacuolata,9,,,,,,,,,,,,,,,,,,,,,,,,,,,,,,,,,,,,,,,,,,,,,,,,,,,,0.1272,per day,0.0058,,11,,,,,,,,,"taken from reference bars, day 4 and day 18 sd bars extremely tiny couldn't get data"
Pohl et al 2018,Inhibition of green algae growth by corrole-based photosensitizers,Chlorella,fusca var vacuolata,9,,,,,,,,,,,,,,,,,,,,,,,,,,,,,,,,,,,,,,,,,,,,,,,,,,,,0.158,per day,0.0059,,13,,,,,,,,,"taken from reference bars, day 4 and day 18 sd bars extremely tiny couldn't get data"
Pohl et al 2019,Inhibition of green algae growth by corrole-based photosensitizers,Chlorella,fusca var vacuolata,9,,,,,,,,,,,,,,,,,,,,,,,,,,,,,,,,,,,,,,,,,,,,,,,,,,,,0.0661,per day,,,18,,,,,,,,,"taken from reference bars, day 4 and day 18 sd bars extremely tiny couldn't get data"
Theodorou et al 1990,Effects of phosphorus limitation of respiratory metabolism in the green alga selenastrum minutum,Selenestrum,minutum,,20,,,,,,,,,,,,,,,,,,,,,,,,,,,,,,,,,,,,,,,,,,,,,,,,,,,1.68,per day,,,,,,,,,,,,
Wong 2000,"Effects of 2,4-D, glyphosate and paraquat on growth, photosynthesis and chlorophyll-a synthesis of Scenedesmus quadricauda Berb 614",Scenedesmus,quadricauda,3,,,,,,,,,,,,,,,,,,,,,,,,,,,,,,,,,,,,,,,,,,,,,,,,,,,,0.028,per hour,0.002,,,,,,,,,,,
Xin et al 2010,Growth and nutrient removal properties of a freshwater microalga Scenedesmus sp LXI under different kinds of nitrogen sources,Scenedesmus,LX1,3,,,,,,,,,,,,,,,,,,,,,,,,,,,,,,,,,,,,,,,,,,,,,,,,,,,,0.54,per day,,,,logistic regression,,,,,,,,nitrate at nitrogen source
Xin et al 2010,Growth and nutrient removal properties of a freshwater microalga Scenedesmus sp LXI under different kinds of nitrogen sources,Scenedesmus,LX1,3,,,,,,,,,,,,,,,,,,,,,,,,,,,,,,,,,,,,,,,,,,,,,,,,,,,,0.82,per day,,,,logistic regression,,,,,,,,ammonium as nitrogen source
Xin et al 2010,Growth and nutrient removal properties of a freshwater microalga Scenedesmus sp LXI under different kinds of nitrogen sources,Scenedesmus,LX1,3,,,,,,,,,,,,,,,,,,,,,,,,,,,,,,,,,,,,,,,,,,,,,,,,,,,,0.75,per day,,,,logistic regression,,,,,,,,urea as ammonium source
Yang et al 2011,Mathematical model of chlorella minutissima UTEX2341 growth and lipid production under photoheterotrophic fermentation conditions,Chlorella,minutissima,,22,,,,,,,,,,,,,,,,,,,,,,,,,,,,,,,,,,,,,,,,,,,,,,,,,,,0.3469,per day,,,,,,,,,,,,
Yoshida et al 2004,"Evolutionary trade-off between defence against grazing and competitive ability in a simple unicellular alga, Chlorella vulgaris",Chlorella,vulgaris,4,,,,,,,,,,,,,,,,,,,,,,,,,,,,,,1,NO3 uM,,,,,,,,,,,,,,,,,,,,,1.73,per day,0.025,,,,,,,,,,,
Yoshida et al 2005,"Evolutionary trade-off between defence against grazing and competitive ability in a simple unicellular alga, Chlorella vulgaris",Chlorella,vulgaris,4,,,,,,,,,,,,,,,,,,,,,,,,,,,,,,4,NO3 uM,,,,,,,,,,,,,,,,,,,,,1.6,per day,0.055,,,,,,,,,,,
Yoshida et al 2006,"Evolutionary trade-off between defence against grazing and competitive ability in a simple unicellular alga, Chlorella vulgaris",Chlorella,vulgaris,4,,,,,,,,,,,,,,,,,,,,,,,,,,,,,,80,NO3 uM,,,,,,,,,,,,,,,,,,,,,2,population per day,0.02,,,,,,,,,,,
Aslan and Kapdan 2005,Batch kinetics of nitrogen and phosphorus removal from synthetic wastewater by algae,Chlorella,vulgaris,,20,,,,,,,,,,,,,,,,,,,,,,,,,,,,,,,,,,,,,31.5,mg per liter,31.5,,,,,,,,,,,,,,,,,,,,,,,,,
Aslan and Kapdan 2005,Batch kinetics of nitrogen and phosphorus removal from synthetic wastewater by algae,Chlorella,vulgaris,,20,,,,,,,,,,,,,,,,,,,,,,,,,,,,,13,nh4-n mg per liter,,,,,,,,,,,,0.56,Nh4-n mg per mg chla per day,,,,,,,,,,,,,,,,,,,,,
Aslan and Kapdan 2005,Batch kinetics of nitrogen and phosphorus removal from synthetic wastewater by algae,Chlorella,vulgaris,,20,,,,,,,,,,,,,,,,,,,,,,,,,,,,,21,nh4-n mg per liter,,,,,,,,,,,,0.43,Nh4-n mg per mg chla per day,,,,,,,,,,,,,,,,,,,,,
Aslan and Kapdan 2005,Batch kinetics of nitrogen and phosphorus removal from synthetic wastewater by algae,Chlorella,vulgaris,,20,,,,,,,,,,,,,,,,,,,,,,,,,,,,,43,nh4-n mg per liter,,,,,,,,,,,,0.78,Nh4-n mg per mg chla per day,,,,,,,,,,,,,,,,,,,,,
Aslan and Kapdan 2005,Batch kinetics of nitrogen and phosphorus removal from synthetic wastewater by algae,Chlorella,vulgaris,,20,,,,,,,,,,,,,,,,,,,,,,,,,,,,,59,nh4-n mg per liter,,,,,,,,,,,,0.7,Nh4-n mg per mg chla per day,,,,,,,,,,,,,,,,,,,,,
Aslan and Kapdan 2005,Batch kinetics of nitrogen and phosphorus removal from synthetic wastewater by algae,Chlorella,vulgaris,,20,,,,,,,,,,,,,,,,,,,,,,,,,,,,,75,nh4-n mg per liter,,,,,,,,,,,,0.77,Nh4-n mg per mg chla per day,,,,,,,,,,,,,,,,,,,,,
Aslan and Kapdan 2005,Batch kinetics of nitrogen and phosphorus removal from synthetic wastewater by algae,Chlorella,vulgaris,,20,,,,,,,,,,,,,,,,,,,,,,,,,,,,,93,nh4-n mg per liter,,,,,,,,,,,,0.94,Nh4-n mg per mg chla per day,,,,,,,,,,,,,,,,,,,,,
Aslan and Kapdan 2005,Batch kinetics of nitrogen and phosphorus removal from synthetic wastewater by algae,Chlorella,vulgaris,,20,,,,,,,,,,,,,,,,,,,,,,,,,,,,,130,nh4-n mg per liter,,,,,,,,,,,,0.91,Nh4-n mg per mg chla per day,,,,,,,,,,,,,,,,,,,,,
Aslan and Kapdan 2005,Batch kinetics of nitrogen and phosphorus removal from synthetic wastewater by algae,Chlorella,vulgaris,,20,,,,,,,,,,,,,,,,,,,,,,,,,,,,,149,nh4-n mg per liter,,,,,,,,,,,,1.17,Nh4-n mg per mg chla per day,,,,,,,,,,,,,,,,,,,,,
Aslan and Kapdan 2005,Batch kinetics of nitrogen and phosphorus removal from synthetic wastewater by algae,Chlorella,vulgaris,,20,,,,,,,,,,,,,,,,,,,,,,,,,,,,,193,nh4-n mg per liter,,,,,,,,,,,,1.15,Nh4-n mg per mg chla per day,,,,,,,,,,,,,,,,,,,,,
Aslan and Kapdan 2005,Batch kinetics of nitrogen and phosphorus removal from synthetic wastewater by algae,Chlorella,vulgaris,,20,,,,,,,,,,,,,,,,,,,,,,,,,,,,,281,nh4-n mg per liter,,,,,,,,,,,,1.9,Nh4-n mg per mg chla per day,,,,,,,,,,,,,,,,,,,,,
Aslan and Kapdan 2005,Batch kinetics of nitrogen and phosphorus removal from synthetic wastewater by algae,Chlorella,vulgaris,,20,,,,,,,,,,,,,,,,,,,,,,,,,,,,,316,nh4-n mg per liter,,,,,,,,,,,,2.15,Nh4-n mg per mg chla per day,,,,,,,,,,,,,,,,,,,,,
Aslan and Kapdan 2005,Batch kinetics of nitrogen and phosphorus removal from synthetic wastewater by algae,Chlorella,vulgaris,,20,,,,,,,,,,,,,,,,,,,,,,,,,,,,,387,nh4-n mg per liter,,,,,,,,,,,,2.86,Nh4-n mg per mg chla per day,,,,,,,,,,,,,,,,,,,,,
Aslan and Kapdan 2005,Batch kinetics of nitrogen and phosphorus removal from synthetic wastewater by algae,Chlorella,vulgaris,,20,,,,,,,,,,,,,,,,,,,,,,,,,,,,,409,nh4-n mg per liter,,,,,,,,,,,,3.04,Nh4-n mg per mg chla per day,,,,,,,,,,,,,,,,,,,,,
Brune et al 2003,Intensification of pond aquaculture and high rate photosynthetic systems,mixed,,,,,,,,,,,,,,,,,,,,,,,,,,,,,,,,,,,,,,,,,,,,,,,,,,,,,,,,,,,,0.013,mg N/mg Volitile Solids day,,,,,,
Dodds et al 2000,Quantification of the nitrogen cycle in a prairie stream,mixed,,,,,,,,,,,,,,,,,,,,,,,,,,,,,,,,,,,,,,,,,,,,,,,,,,,,,,,,,,,,0.2,mg per meter2 per day,,,,,,says to take with caution because there was also enrichment
Elrifi et al 1988,RuBP Limitation of Photosynthetic Carbon fixation during NH3 assimilation,Selenestrum,minutum,,20,,,,,,,,,,,,,,,,,,,,,,,,,,,,,,,,,,,,,,,,,,167,umol N per mg per chl hour,,,,,,,,,,,,,,,,,,,,,gives error of +/- 7 but doesn't say what type of error
Elrifi et al 1988,RuBP Limitation of Photosynthetic Carbon fixation during NH3 assimilation,Chlorella,pyrenoidosa,,20,,,,,,,,,,,,,,,,,,,,,,,,,,,,,,,,,,,,,,,,,,97,umol N per mg per chl hour,,,,,,,,,,,,,,,,,,,,,gives error of +/- 1 but doesn't say what type of error
Jimenez-Perez et al 2004,Growth and nutrient removal in free and immobilized planktonic green algae isolated from pig manure,scenedesmus,intermedius,,,,,,,,,,,,,,,,,,,,,,,,,,,,,,,,,,,,,,,,,,,,0.022,mg N per hour,0.003,,,,,,,,,,,,,,,,,,,,from free not immobilized cells
Jimenez-Perez et al 2004,Growth and nutrient removal in free and immobilized planktonic green algae isolated from pig manure,Nanochloris,sp,,,,,,,,,,,,,,,,,,,,,,,,,,,,,,,,,,,,,,,,,,,,0.011,ng N per hour,0.001,,,,,,,,,,,,,,,,,,,,from free not immobilized cells
Kamalanathan et al 2016,Impacts of nitrogen and phosphorus starvation on the physiology of Chlamydomonas reinhardtii,Chlamydomonas,reinhardii,3,18,,,,,,,,,,,,,,,,,,,,,,,,,,,,,,,,,,,,,,,,,,,,,,,,,,,0.5,cells per day,0.04,,,,,,,,,,,
Kapdan and Aslan 2008,Application of the Stover-Kincannon kinetic model to nitrogen removal by Chlorella vulgaris in a continuously operated immobilized photobioreactor system,Chlorella,vulgaris,4,26,,,,,,,,,,,,,,,,,,,,,,,,,,,,,,,,,13,13,mg per liter day,,10.3,mg per liter day,10.3,,,,,,,,,,,,,,,,,,,,,,,,,not sure about reps but getting it from the fact that they had 20 tubes and five treatmetns
Kemps and Dodds,"The influence of ammonium, nitrate, and dissolved oxygen concentrations on uptake, nitrification, and denitrification rates associated with prairie stream substrata",mixed,,4,,,,,,,,,,,,,,,,,,,,,,,,,,,,,,,,,,5.9,5.9,mg NH4-N gdm-1 per day,,2.4,mg NH4-N gdm-1 per day,2.4,,,,,,,,,,,,,,,,,,0.96,,,,,,,
Kim et al 2013,Removal of nitrogen and phosphorus by Chlorella sorokiniana cultured heterotrophically in ammonia and nitrate,Chlorella,sorokiniana,,25,,,,,,,,,,,,,,,,,,,,,,,,,,,,,10,mg per liter,,,,,,,,,,,,4.2,mg N per liter per day,,,,,,,,,,,,,,,,,,,,,gives error of +/- 0.11 but doesn't say what type of error
Kim et al 2014,Removal of nitrogen and phosphorus by Chlorella sorokiniana cultured heterotrophically in ammonia and nitrate,Chlorella,sorokiniana,,25,,,,,,,,,,,,,,,,,,,,,,,,,,,,,20,mg per liter,,,,,,,,,,,,5.08,mg N per liter per day,,,,,,,,,,,,,,,,,,,,,gives error of +/- 0.13 but doesn't say what type of error
Kim et al 2015,Removal of nitrogen and phosphorus by Chlorella sorokiniana cultured heterotrophically in ammonia and nitrate,Chlorella,sorokiniana,,25,,,,,,,,,,,,,,,,,,,,,,,,,,,,,40,mg per liter,,,,,,,,,,,,5.02,mg N per liter per day,,,,,,,,,,,,,,,,,,,,,gives error of +/-0.13 but doesn't say what type of error
Kim et al 2016,Removal of nitrogen and phosphorus by Chlorella sorokiniana cultured heterotrophically in ammonia and nitrate,Chlorella,sorokiniana,,25,,,,,,,,,,,,,,,,,,,,,,,,,,,,,80,mg per liter,,,,,,,,,,,,11.47,mg N per liter per day,,,,,,,,,,,,,,,,,,,,,gives error of +/- 0.29 but doesn't say what type of error
Kim et al 2017,Removal of nitrogen and phosphorus by Chlorella sorokiniana cultured heterotrophically in ammonia and nitrate,Chlorella,sorokiniana,,25,,,,,,,,,,,,,,,,,,,,,,,,,,,,,160,mg per liter,,,,,,,,,,,,18.86,mg N per liter per day,,,,,,,,,,,,,,,,,,,,,gives error of +/- 0.473 but doesn't say what type of error
Park et al 2010,Ammonia removal from anaerobic digestion effluent of livestock waste using green alga Scenedesmus sp,scenedesmus,accuminatus,,,,,,,,,,,,,,,,,,,,,,,,,,,,,,,,,,,,,,,,,,,,5.2,mg per liter per day,,,,,,,,0.091,per day,,,,,,,,,,,,seeding density (g/L) 0.5
Park et al 2011,Ammonia removal from anaerobic digestion effluent of livestock waste using green alga Scenedesmus sp,scenedesmus,accuminatus,,,,,,,,,,,,,,,,,,,,,,,,,,,,,,,,,,,,,,,,,,,,5.87,mg per liter per day,,,,,,,,0.064,per day,,,,,,,,,,,,seeding density (g/L) 0.75
Park et al 2012,Ammonia removal from anaerobic digestion effluent of livestock waste using green alga Scenedesmus sp,scenedesmus,accuminatus,,,,,,,,,,,,,,,,,,,,,,,,,,,,,,,,,,,,,,,,,,,,6.14,mg per liter per day,,,,,,,,0.049,per day,,,,,,,,,,,,seeding density (g/L) 1
Park et al 2013,Ammonia removal from anaerobic digestion effluent of livestock waste using green alga Scenedesmus sp,scenedesmus,accuminatus,,,,,,,,,,,,,,,,,,,,,,,,,,,,,,,,,,,,,,,,,,,,6.21,mg per liter per day,,,,,,,,0.043,per day,,,,,,,,,,,,seeding density (g/L) 1.25
Park et al 2014,Ammonia removal from anaerobic digestion effluent of livestock waste using green alga Scenedesmus sp,scenedesmus,accuminatus,,,,,,,,,,,,,,,,,,,,,,,,,,,,,,,,,,,,,,,,,,,,6.46,mg per liter per day,,,,,,,,0.038,per day,,,,,,,,,,,,seeding density (g/L) 1.5
Perez-Martinez et al 2010,Utilization of immobilized benthic algal species for N and P removal,Macrochloris ,sp,3,20,,,,,,,,,,,,,,,,,,,,,,,,,,,,,,,,,,,,,,,,,,0.016,mg N per hour,0.002,,,,,,,,,,,,,,,,,,,,
Perez-Martinez et al 2011,Utilization of immobilized benthic algal species for N and P removal,Palmellopsis,gelatinosa,3,20,,,,,,,,,,,,,,,,,,,,,,,,,,,,,,,,,,,,,,,,,,0.004,mg N per hour,0.001,,,,,,,,,,,,,,,,,,,,
Perez-Martinez et al 2012,Utilization of immobilized benthic algal species for N and P removal,Chlorosarcinopsis,sp,3,20,,,,,,,,,,,,,,,,,,,,,,,,,,,,,,,,,,,,,,,,,,0.008,mg N per hour,0.001,,,,,,,,,,,,,,,,,,,,
Perez-Martinez et al 2013,Utilization of immobilized benthic algal species for N and P removal,Pseudopleurococcus sp,sp,3,20,,,,,,,,,,,,,,,,,,,,,,,,,,,,,,,,,,,,,,,,,,0.003,mg N per hour,0,,,,,,,,,,,,,,,,,,,,
Perez-Martinez et al 2014,Utilization of immobilized benthic algal species for N and P removal,Euglena ,sp,3,20,,,,,,,,,,,,,,,,,,,,,,,,,,,,,,,,,,,,,,,,,,0.002,mg N per hour,0,,,,,,,,,,,,,,,,,,,,
Perez-Martinez et al 2015,Utilization of immobilized benthic algal species for N and P removal,Euglen ,sp,3,20,,,,,,,,,,,,,,,,,,,,,,,,,,,,,,,,,,,,,,,,,,0.01,mg N per hour,0.001,,,,,,,,,,,,,,,,,,,,
Ruiz-Marin et al 2010,Growth and nutrient removal in free and immobilized green algae in batch and semi-continuous cultures treating real wastewater,Chlorella,vulgaris,,,,,,,,,,,,,,,,,,,,,,,,,,,,,,,,,,,,,,,,,,,,0.134,ugram per hour 10^6 cells,,,,,0.01,,,,,,,,,,,,,,,,
Ruiz-Marin et al 2011,Growth and nutrient removal in free and immobilized green algae in batch and semi-continuous cultures treating real wastewater,Scenedesmus,intermedius,,,,,,,,,,,,,,,,,,,,,,,,,,,,,,,,,,,,,,,,,,,,0.18,ugram per hour 10^6 cells,,,,,0.01,,,,,,,,,,,,,,,,
Ruiz-Marin et al 2010,Growth and nutrient removal in free and immobilized green algae in batch and semi-continuous cultures treating real wastewater,Chlorella,vulgaris,,,,,,,,,,,,,,,,,,,,,,,,,,,,,,,,,,,,,,,,,,,,0.139,ugram per hour 10^6 cells,,,,,0.03,,,,,,,,,,,,,,,,
Ruiz-Marin et al 2011,Growth and nutrient removal in free and immobilized green algae in batch and semi-continuous cultures treating real wastewater,Scenedesmus,intermedius,,,,,,,,,,,,,,,,,,,,,,,,,,,,,,,,,,,,,,,,,,,,0.177,ugram per hour 10^6 cells,,,,,0.01,,,,,,,,,,,,,,,,
Schlee and Komor 1986,Ammonium uptake by Chlorella,Chlorella,sp,3,27,,,,,,,,,,,,,,,,,,,,,,,,,,,,,,,,,500,168.0804,umol per h ml,,0.000002,mol,0.0280134,,,,,,,,,,,,,,,,,,,,,,,,,nitrogen starved cells
Tam and Wong 1996,Effect of ammonia concentrations on growth of chlorella vulgaris and nitrogen removal from media,Chlorella,vulgaris,4,20,,,,,,,,,,,,,,,,,,,,,,,,,,,,,0,mg per liter,,,,,,,,,,,,,,,,,,,,,0.054,per day,,,,,,,,,,,,
Tam and Wong 1997,Effect of ammonia concentrations on growth of chlorella vulgaris and nitrogen removal from media,Chlorella,vulgaris,4,20,,,,,,,,,,,,,,,,,,,,,,,,,,,,,10,mg per liter,,,,,,,,,,,,,,,,,,,,,0.204,per day,,,,,,,,,,,53.12,
Tam and Wong 1998,Effect of ammonia concentrations on growth of chlorella vulgaris and nitrogen removal from media,Chlorella,vulgaris,4,20,,,,,,,,,,,,,,,,,,,,,,,,,,,,,20,mg per liter,,,,,,,,,,,,,,,,,,,,,0.228,per day,,,,,,,,,,,53.89,
Tam and Wong 1999,Effect of ammonia concentrations on growth of chlorella vulgaris and nitrogen removal from media,Chlorella,vulgaris,4,20,,,,,,,,,,,,,,,,,,,,,,,,,,,,,40,mg per liter,,,,,,,,,,,,,,,,,,,,,0.214,per day,,,,,,,,,,,47.06,
Tam and Wong 2000,Effect of ammonia concentrations on growth of chlorella vulgaris and nitrogen removal from media,Chlorella,vulgaris,4,20,,,,,,,,,,,,,,,,,,,,,,,,,,,,,50,mg per liter,,,,,,,,,,,,,,,,,,,,,0.212,per day,,,,,,,,,,,36.93,
Tam and Wong 2001,Effect of ammonia concentrations on growth of chlorella vulgaris and nitrogen removal from media,Chlorella,vulgaris,4,20,,,,,,,,,,,,,,,,,,,,,,,,,,,,,60,mg per liter,,,,,,,,,,,,,,,,,,,,,0.211,per day,,,,,,,,,,,35.56,
Tam and Wong 2002,Effect of ammonia concentrations on growth of chlorella vulgaris and nitrogen removal from media,Chlorella,vulgaris,4,20,,,,,,,,,,,,,,,,,,,,,,,,,,,,,80,mg per liter,,,,,,,,,,,,,,,,,,,,,0.219,per day,,,,,,,,,,,22.66,
Tam and Wong 2003,Effect of ammonia concentrations on growth of chlorella vulgaris and nitrogen removal from media,Chlorella,vulgaris,4,20,,,,,,,,,,,,,,,,,,,,,,,,,,,,,125,mg per liter,,,,,,,,,,,,,,,,,,,,,0.213,per day,,,,,,,,,,,17.89,
Tam and Wong 2004,Effect of ammonia concentrations on growth of chlorella vulgaris and nitrogen removal from media,Chlorella,vulgaris,4,20,,,,,,,,,,,,,,,,,,,,,,,,,,,,,250,mg per liter,,,,,,,,,,,,,,,,,,,,,0.236,per day,,,,,,,,,,,7.44,
Tam and Wong 2005,Effect of ammonia concentrations on growth of chlorella vulgaris and nitrogen removal from media,Chlorella,vulgaris,4,20,,,,,,,,,,,,,,,,,,,,,,,,,,,,,500,mg per liter,,,,,,,,,,,,,,,,,,,,,0.221,per day,,,,,,,,,,,3.65,
Tam and Wong 2006,Effect of ammonia concentrations on growth of chlorella vulgaris and nitrogen removal from media,Chlorella,vulgaris,4,20,,,,,,,,,,,,,,,,,,,,,,,,,,,,,750,mg per liter,,,,,,,,,,,,,,,,,,,,,0.204,per day,,,,,,,,,,,2.36,
Tam and Wong 2007,Effect of ammonia concentrations on growth of chlorella vulgaris and nitrogen removal from media,Chlorella,vulgaris,4,20,,,,,,,,,,,,,,,,,,,,,,,,,,,,,1000,mg per liter,,,,,,,,,,,,,,,,,,,,,0.199,per day,,,,,,,,,,,1.75,
Xin et al 2010,"Effects of different nitrogen and phosphorus concentrations on the growth, nutrient uptake, and lipid accumulation of a freshwater microalga Scenedesmus sp.",Scenedesmus,LX1 ,3,,,,,,,,,,,,,,,,,,,,,,,,,,,,,,2.5,TN mg per liter,,,,,,,,,,,,,,,,,,,,,0.32,10^6 cells ml per day,0.02,,,,,,,,,,,
Xin et al 2011,"Effects of different nitrogen and phosphorus concentrations on the growth, nutrient uptake, and lipid accumulation of a freshwater microalga Scenedesmus sp.",Scenedesmus,LX2,3,,,,,,,,,,,,,,,,,,,,,,,,,,,,,,5,TN mg per liter,,,,,,,,,,,,,,,,,,,,,0.48,10^6 cells ml per day,0.03,,,,,,,,,,,
Xin et al 2012,"Effects of different nitrogen and phosphorus concentrations on the growth, nutrient uptake, and lipid accumulation of a freshwater microalga Scenedesmus sp.",Scenedesmus,LX3,3,,,,,,,,,,,,,,,,,,,,,,,,,,,,,,10,TN mg per liter,,,,,,,,,,,,,,,,,,,,,0.81,10^6 cells ml per day,0.05,,,,,,,,,,,
Xin et al 2013,"Effects of different nitrogen and phosphorus concentrations on the growth, nutrient uptake, and lipid accumulation of a freshwater microalga Scenedesmus sp.",Scenedesmus,LX4,3,,,,,,,,,,,,,,,,,,,,,,,,,,,,,,15,TN mg per liter,,,,,,,,,,,,,,,,,,,,,1.01,10^6 cells ml per day,0.03,,,,,,,,,,,
Xin et al 2014,"Effects of different nitrogen and phosphorus concentrations on the growth, nutrient uptake, and lipid accumulation of a freshwater microalga Scenedesmus sp.",Scenedesmus,LX5,3,,,,,,,,,,,,,,,,,,,,,,,,,,,,,,25,TN mg per liter,,,,,,,,,,,,,,,,,,,,,1.34,10^6 cells ml per day,0.08,,,,,,,,,,,
Bastviken et al 2003,Potential nitrification and denitrification on different surfaces in a constructed treatment wetland,mixed,macroalgae,,,,,,,,,,,,,,,,,,,,,,,,,,,,,,,,,,,,,,,,,,,,,,,,,,,,,,,,,,,2.9,mg N per g per dry weight day,2.9,,4.86,,,
Carrera et al 2004,Effect of influent COD/N ratio on biological nitrogen removal (BNR) from high-strength ammonium industrial wastewater,,,6,,,,,,,,,,,,,,,,,,,,,,,,,,,,,,,,,,,,,,,,,,,,,,,,,,,,,,,,,,0.029,g NH4-N g per VSS per day,0.029,0.004,,,,VSS volatile suspended solids
Carrera et al 2005,Effect of influent COD/N ratio on biological nitrogen removal (BNR) from high-strength ammonium industrial wastewater,,,6,,,,,,,,,,,,,,,,,,,,,,,,,,,,,,,,,,,,,,,,,,,,,,,,,,,,,,,,,,0.047,g NH4-N g per VSS per day,0.047,0.013,,,,
Carrera et al 2006,Effect of influent COD/N ratio on biological nitrogen removal (BNR) from high-strength ammonium industrial wastewater,,,6,,,,,,,,,,,,,,,,,,,,,,,,,,,,,,,,,,,,,,,,,,,,,,,,,,,,,,,,,,0.064,g NH4-N g per VSS per day,0.064,0.018,,,,
Carrera et al 2007,Effect of influent COD/N ratio on biological nitrogen removal (BNR) from high-strength ammonium industrial wastewater,,,6,,,,,,,,,,,,,,,,,,,,,,,,,,,,,,,,,,,,,,,,,,,,,,,,,,,,,,,,,,0.14,g NH4-N g per VSS per day,0.14,0.02,,,,
Carrera et al 2008,Effect of influent COD/N ratio on biological nitrogen removal (BNR) from high-strength ammonium industrial wastewater,,,6,,,,,,,,,,,,,,,,,,,,,,,,,,,,,,,,,,,,,,,,,,,,,,,,,,,,,,,,,,0.085,g NH4-N g per VSS per day,0.085,0.013,,,,
Carrera et al 2009,Effect of influent COD/N ratio on biological nitrogen removal (BNR) from high-strength ammonium industrial wastewater,,,6,,,,,,,,,,,,,,,,,,,,,,,,,,,,,,,,,,,,,,,,,,,,,,,,,,,,,,,,,,0.032,g NH4-N g per VSS per day,0.032,0.007,,,,
Chen et al 2010,Adverse effects of ammonia on nitrification process: the case of chinese shallow freshwater lakes,,,12,,,,,,,,,,,,,,,,,,,,,,,,,,,,,,,,,,,,,,,,,,,,,,,,,,,,,,,,,,0.18,mgN per liter day,0.18,,,0.2114,,yuehu
Chen et al 2011,Adverse effects of ammonia on nitrification process: the case of chinese shallow freshwater lakes,,,15,,,,,,,,,,,,,,,,,,,,,,,,,,,,,,,,,,,,,,,,,,,,,,,,,,,,,,,,,,0.05,mgN per liter day,0.05,,,0.06,,dianchi
Chen et al 2012,Adverse effects of ammonia on nitrification process: the case of chinese shallow freshwater lakes,,,9,,,,,,,,,,,,,,,,,,,,,,,,,,,,,,,,,,,,,,,,,,,,,,,,,,,,,,,,,,0.007,mgN per liter day,0.007,,,0.011,,houguan
Chen et al 2013,Adverse effects of ammonia on nitrification process: the case of chinese shallow freshwater lakes,,,9,,,,,,,,,,,,,,,,,,,,,,,,,,,,,,,,,,,,,,,,,,,,,,,,,,,,,,,,,,0.004,mgN per liter day,0.004,,,0.008,,baoan
Damashek et al 2015,Benthic ammonia oxidizers differ in community structure and biogeochemical potential across a riverine delta,,,3,,,,,,,,,,,,,,,,,,,,,,,,,,,,,,,,,,,,,,,,,,,,,,,,,,,,,,,,,,55.41,nmol Nox per gram per hour,0.949431344,2.49,,,,
Damashek et al 2016,Benthic ammonia oxidizers differ in community structure and biogeochemical potential across a riverine delta,,,3,,,,,,,,,,,,,,,,,,,,,,,,,,,,,,,,,,,,,,,,,,,,,,,,,,,,,,,,,,8.29,nmol Nox per gram per hour,0.142046306,1.01,,,,
Damashek et al 2017,Benthic ammonia oxidizers differ in community structure and biogeochemical potential across a riverine delta,,,3,,,,,,,,,,,,,,,,,,,,,,,,,,,,,,,,,,,,,,,,,,,,,,,,,,,,,,,,,,11.38,nmol Nox per gram per hour,0.194992396,0.66,,,,
Damashek et al 2018,Benthic ammonia oxidizers differ in community structure and biogeochemical potential across a riverine delta,,,3,,,,,,,,,,,,,,,,,,,,,,,,,,,,,,,,,,,,,,,,,,,,,,,,,,,,,,,,,,118.74,nmol Nox per gram per hour,2.03456917,24.86,,,,
Damashek et al 2019,Benthic ammonia oxidizers differ in community structure and biogeochemical potential across a riverine delta,,,3,,,,,,,,,,,,,,,,,,,,,,,,,,,,,,,,,,,,,,,,,,,,,,,,,,,,,,,,,,146,nmol Nox per gram per hour,2.50165992,70.97,,,,
Damashek et al 2020,Benthic ammonia oxidizers differ in community structure and biogeochemical potential across a riverine delta,,,3,,,,,,,,,,,,,,,,,,,,,,,,,,,,,,,,,,,,,,,,,,,,,,,,,,,,,,,,,,47.97,nmol Nox per gram per hour,0.821949496,2.6,,,,
Damashek et al 2021,Benthic ammonia oxidizers differ in community structure and biogeochemical potential across a riverine delta,,,3,,,,,,,,,,,,,,,,,,,,,,,,,,,,,,,,,,,,,,,,,,,,,,,,,,,,,,,,,,20.33,nmol Nox per gram per hour,0.348347577,2.2,,,,
"Knops, Altenburger, Segner","Alterations of physiological energetics, growth and reproduction of Daphnia magna under toxicant stress",Daphnia,magna,1,20,,,,,,,,,,,,,,,,3.875,,per indiv per day,,,,,,,,,,Scenedesmus vacuolatus,,,,,,,,,,,,,,,,,,,,,,,,,,,,,,,,,,,,
Bodar et al 1988,Effect of cadmium on the reproduction strategy of Daphnia magna,Daphnia,magna,4,20,,,,,,,,,,,,,,,,3.32,0.16,per indiv per day,9.7,0.2,,days to first brood,,,,,,Chlorella pyrenoidosa,,,,,,,,,,,,,,,,,,,,,,,,,,,,,,,,,,,,
Brausch et al 2010,"Effects of functionalized fullerenes on bifenthrin and tribufos toxicity to daphnia magna: survival, reproduction, and growth rate",Daphnia,magna,10,24,,,,,,,,,,,,,,,,1.457142857,0.457142857,per indiv per day,10.1,1.7,,days to first brood,,,,,,P. subcapitata,,,,,,,,,,,,,,,,,,,,,,,,,,,,,,,,,,,,control of bifenthrin only experiment
Brausch et al 2010,"Effects of functionalized fullerenes on bifenthrin and tribufos toxicity to daphnia magna: survival, reproduction, and growth rate",Daphnia,magna,10,24,,,,,,,,,,,,,,,,2.161904762,0.476190476,per indiv per day,9.4,0.8,,days to first brood,,,,,,P. subcapitata,,,,,,,,,,,,,,,,,,,,,,,,,,,,,,,,,,,,contro of tribufos only experiment
Bridges et al 1996,"Chronic toxicity of Great lakes sediments to Daphnia magna: elutriate effects on survival, reproduction and population growth",Daphnia,magna,10,20,,,,,,,,,,,,,,,,4.947619048,0.737864787,per indiv per day,11.9,1.865743819,,days to first brood,,,,,,mixed trout chow and Selenastrum capricornutum,,,,,,,,,,,,,,,,,,,,,,,,,,,,,,,,,,,,
"Fernandez-Casalderrey, Ferrando, and Andreu-Moliner 1993","Effects of endosulfan on survival, growth, and reproduction of Daphnia magna",Daphnia,magna,15,22,,,,,,,,,,,,,,,,3.192857143,0.128095238,per indiv per day,8,0.27,,days to first brood,20.7,0.26,,,longevitity,Nannochloris oculata,,,,,,,,,,,,,,,,,,,,,,,,,,,,,,,,,,,,
Chevre et al 2005,"Modeling the concentration-response function of the herbicide dinoseb of Daphnia magna (survival time, reproduction) and Pseudokirchneriella subcapitata (growth rate)",Daphnia,magna,6,,,,,,,,,,,,,,,,,,,,,,,,50.41,,36.8-70.3,,days to death,Pseudokirchneriella subcapitata,,,,,,,,,,,,,,,,,,,,,,,0.053,72hr,,.05-.056 (95CI),,,,,,,,,,
Dave 1984a,"Effects of waterborne iron on growth, reproduction, survival and haemoglobin in Daphnia magna",Daphnia,magna,9,20,,,,,,,,,,,,,,,,,,,,,,,28.4,,,26.2-30.8,days to death,,,,,,,,,,,,,,,,,,,,,,,,,,,,,,,,,,,,,
Haeba et al 2008,"Selected endocrine disrupting compounds (vinclozolin, flutamide, ketoconazole and dicofol): effects on survival, occurrence of males, growth, molting and reproduction of Daphnia magna",Daphnia,magna,10,20,,,,,,,,,,,,,,,,1.428571429,1.023975623,per indiv per day,,,,,,,,,,,,,,,,,,,,,,,,,,,,,,,,,,,,,,,,,,,,,,
Hayashi et al 2008,Reproduction recovery of the crustacean Daphnia magna after chronic exposure to ibuprofen,Daphnia,magna,10,20,,,,,,,,,,,,,,,,7,1.160555901,per indiv per day,9.4,0.853814968,,days to first brood,,,,,,Chlorella vulgaris,,,,,,,,,,,,,,,,,,,,,,,,,,,,,,,,,,,,
"Kamaya, Tokita and Suzuki 2005","Effects of dehydroabietic acid and abietic acid on survival, reproduction, and growth of the crustacean Daphnia magna",Daphnia,magna,,,,,,,,,,,,,,,,,,,,,5,1.3,,days to maturity,,,,,,Selenastrum capricornutum,,,,,,,,,,,,,,,,,,,,,,,,,,,,,,,,,,,,
Lurling and Tolman 2009,"Effects of lanthanum and lanthanum-modified clay on growth, survival and reproduction of Daphnia magna",Daphnia,magna,3,20,,,,,,,,,,,,,,,,,,,7.9,0.3,,days to first brood,,,,,,Scenedesmus obliquus,,,,,,,,,,,,,,,,,,,,,,,,,,,,,,,,,,,,
Martinez-Jeronimo et al 1994,"Effect of food type and concentration on the survival, longevity, and reproduction of Daphnia magna",Daphnia,magna,20,19,,,,,,,,,,,,,,,,,,,12.8,,0.3,days to first brood,85.8,,10.9,,,Ankistrodesmus falcatus,,,,,,,,,,,,,,,,,,,,,,,,,,,,,,,,,,,,
Martinez-Jeronimo et al 1995,"Effect of food type and concentration on the survival, longevity, and reproduction of Daphnia magna",Daphnia,magna,20,19,,,,,,,,,,,,,,,,,,,12.1,,0.1,days to first brood,74.2,,13.5,,,Ankistrodesmus falcatus,,,,,,,,,,,,,,,,,,,,,,,,,,,,,,,,,,,,
Martinez-Jeronimo et al 1996,"Effect of food type and concentration on the survival, longevity, and reproduction of Daphnia magna",Daphnia,magna,20,19,,,,,,,,,,,,,,,,,,,11.8,,0.2,days to first brood,40.5,,3,,,Ankistrodesmus falcatus,,,,,,,,,,,,,,,,,,,,,,,,,,,,,,,,,,,,
Martinez-Jeronimo et al 1997,"Effect of food type and concentration on the survival, longevity, and reproduction of Daphnia magna",Daphnia,magna,20,19,,,,,,,,,,,,,,,,,,,11.8,,0.3,days to first brood,76.8,,8.3,,,Scenedesmus incrassatulus,,,,,,,,,,,,,,,,,,,,,,,,,,,,,,,,,,,,
Martinez-Jeronimo et al 1998,"Effect of food type and concentration on the survival, longevity, and reproduction of Daphnia magna",Daphnia,magna,20,19,,,,,,,,,,,,,,,,,,,11.1,,0.3,days to first brood,71.6,,11.7,,,Scenedesmus incrassatulus,,,,,,,,,,,,,,,,,,,,,,,,,,,,,,,,,,,,
Martinez-Jeronimo et al 1999,"Effect of food type and concentration on the survival, longevity, and reproduction of Daphnia magna",Daphnia,magna,20,19,,,,,,,,,,,,,,,,,,,11.7,,0.9,days to first brood,48.3,,8.8,,,Scenedesmus incrassatulus,,,,,,,,,,,,,,,,,,,,,,,,,,,,,,,,,,,,
"Sancho, Villarroel and Ferrando 2016","Assessment of chronic effects of tebuconazole on survival, reproduction and growth of Daphnia magna after different exposure times",Daphnia,magna,15,22,,,,,,,,,,,,,,,,6.271428571,1.383208338,per indiv per day,7.8,0.774596669,,days to first brood,,,,,,Nannochloris oculata,,,,,,,,,,,,,,,,,,,,,,,,,,,,,,,,,,,,
Villarroel et al 2003,"Acute, chronic and sublethal effects of the herbicide propanil on Daphnia magna",Daphnia,magna,15,22,,,,,,,,,,,,,,,,6.271428571,0.719047619,per indiv per day,7.8,0.3,,day to first brood,,,,,,Nannochloris oculata,,,,,,,,,,,,,,,,,,,,,,,,,,,,,,,,,,,,
Zeman et al 2008,"Effects of waterborne uranium on survival, growth, reproduction and physiological processes of the freshwater cladoceran Daphnia magna",Daphnia,magna,10,20,,,,,,,,,,,,,,,,3.238095238,0.225876976,per indiv per day,,,,,,,,,,Chlamydomonas reinhardtii,,,,,,,,,,,,,,,,,,,,,,,,,,,,,,,,,,,,
"Zhu, Chang, and Chen 2010",Toxicity and bioaccumulation of TiO2 nanoparticle aggregates in Daphnia magna,Daphnia,magna,10,22,,,,,,,,,,,,,,,,9.603333333,1.252857143,per indiv per day,9.67,1.15,,days to first brood,,,,,,,,,,,,,,,,,,,,,,,,,,,,,,,,,,,,,,,,,,
Al-Reasi et al 2013,The effect of dissolved organic matter (DOM) on sodium transport and nitrogenous wastete excretion of the freshwater cladoceran (Daphnia magna) at circumneutral and low pH,Daphnia,magna,4,23,,,,,,,,,,,,2.2,,0.2,umol per gram per hour,,,,,,,,,,,,,Selenastrum capricornutum,,,,,,,,,,,,,,,,,,,,,,,,,,,,,,,,,,,,
Arner and Koivisto 1993,Effects of salinity on metabolism and life history characteristics of Daphnia magna,Daphnia,magna,2,21,,,,,,,,,,,,3.133333333,0.0752,0.160277537,ug per liter per hour per indiv,,,,,,,,,,,,,Scenedesmus obtusiusculus,,,,,,,,,,,,,,,,,,,,,,,,,,,,,,,,,,,,about 150 indiv so divided it out
Arner and Koivisto 1993,Effects of salinity on metabolism and life history characteristics of Daphnia magna,Daphnia,magna,2,21,,,,,,,,,,,,4.173333333,0.10016,0.150849447,ug per liter per hour per indiv,,,,,,,,,,,,,Scenedesmus obtusiusculus,,,,,,,,,,,,,,,,,,,,,,,,,,,,,,,,,,,,about 150 indiv so divided it out
Gardner and Miller III 1980,Intracellular composition and net release rates of free amino acids in daphnia magna,Daphnia,magna,5,,,,,,,,,,,,,13,,22,nmol ammonium per mg dry weight per hour,,,,,,,,,,,,,,,,,,,,,,,,,,,,,,,,,,,,,,,,,,,,,,,,,
Gardner and Miller III 1981,Intracellular composition and net release rates of free amino acids in daphnia magna,Daphnia,magna,5,,,,,,,,,,,,,20,,4,nmol ammonium per mg dry weight per hour,,,,,,,,,,,,,,,,,,,,,,,,,,,,,,,,,,,,,,,,,,,,,,,,,
Gardner and Miller III 1982,Intracellular composition and net release rates of free amino acids in daphnia magna,Daphnia,magna,5,,,,,,,,,,,,,35,,16,nmol ammonium per mg dry weight per hour,,,,,,,,,,,,,,,,,,,,,,,,,,,,,,,,,,,,,,,,,,,,,,,,,
Gardner and Miller III 1983,Intracellular composition and net release rates of free amino acids in daphnia magna,Daphnia,magna,5,,,,,,,,,,,,,17,,3,nmol ammonium per mg dry weight per hour,,,,,,,,,,,,,,,,,,,,,,,,,,,,,,,,,,,,,,,,,,,,,,,,,
Gardner and Miller III 1984,Intracellular composition and net release rates of free amino acids in daphnia magna,Daphnia,magna,5,,,,,,,,,,,,,20,,4,nmol ammonium per mg dry weight per hour,,,,,,,,,,,,,,,,,,,,,,,,,,,,,,,,,,,,,,,,,,,,,,,,,
Gardner and Miller III 1985,Intracellular composition and net release rates of free amino acids in daphnia magna,Daphnia,magna,5,,,,,,,,,,,,,34,,8,nmol ammonium per mg dry weight per hour,,,,,,,,,,,,,,,,,,,,,,,,,,,,,,,,,,,,,,,,,,,,,,,,,
Gardner and Miller III 1986,Intracellular composition and net release rates of free amino acids in daphnia magna,Daphnia,magna,5,,,,,,,,,,,,,18,,11,nmol ammonium per mg dry weight per hour,,,,,,,,,,,,,,,,,,,,,,,,,,,,,,,,,,,,,,,,,,,,,,,,,
Gardner and Miller III 1987,Intracellular composition and net release rates of free amino acids in daphnia magna,Daphnia,magna,5,,,,,,,,,,,,,28,,12,nmol ammonium per mg dry weight per hour,,,,,,,,,,,,,,,,,,,,,,,,,,,,,,,,,,,,,,,,,,,,,,,,,
Gardner and Miller III 1988,Intracellular composition and net release rates of free amino acids in daphnia magna,Daphnia,magna,5,,,,,,,,,,,,,21,,3,nmol ammonium per mg dry weight per hour,,,,,,,,,,,,,,,,,,,,,,,,,,,,,,,,,,,,,,,,,,,,,,,,,
Scavia and Gardner 1982,Kinetics of nitrogen and phosphorus release in varying food supplies by Daphnia magna,Daphnia,magna,12,20,,,,,,,,,,,,80.5,0.027048,42.95486003,nmol_N per mg per hour per indiv,,,,,,,,,,,,,,,,,,,,,,,,,,,,,,,,,,,,,,,,,,,,,,,,,
Scavia and Gardner 1983,Kinetics of nitrogen and phosphorus release in varying food supplies by Daphnia magna,Daphnia,magna,12,20,,,,,,,,,,,,41.3,0.0138768,17.66691824,nmol_N per mg per hour per indiv,,,,,,,,,,,,,,,,,,,,,,,,,,,,,,,,,,,,,,,,,,,,,,,,,
Scavia and Gardner 1984,Kinetics of nitrogen and phosphorus release in varying food supplies by Daphnia magna,Daphnia,magna,4,20,,,,,,,,,,,,21.7,0.0072912,11.8,nmol_N per mg per hour per indiv,,,,,,,,,,,,,,,,,,,,,,,,,,,,,,,,,,,,,,,,,,,,,,,,,
Wiltshire and Lampert 1999,Urea excretion by Daphnia: A colony-inducing factor in Scenedesmus?,Daphnia,magna,3,20,,,,,,,,,,,,0.76,,0.103923048,ug per mg per hour per dry wt,,,,,,,,,,,,,Scenedesmus obliquuus,,,,,,,,,,,,,,,,,,,,,,,,,,,,,,,,,,,,
Wiltshire and Lampert 1999,Urea excretion by Daphnia: A colony-inducing factor in Scenedesmus?,Daphnia,magna,3,20,,,,,,,,,,,,0.45,,0.346410162,ug per mg per hour per dry wt,,,,,,,,,,,,,Scenedesmus obliquuus,,,,,,,,,,,,,,,,,,,,,,,,,,,,,,,,,,,,starved
Chow-Fraser and Sprules 1992/ Kersting and van der Leeuw 1976,"Type-3 functional response in limnetic suspension-feeders, as demonstrated by in situ grazing rates",Daphnia,magna,,,77,,,,ml/animal/day,,,,,,,,,,,,,,,,,,,,,,,,,,,,,,,,,,,,,,,,,,,,,,,,,,,,,,,,,,,
Degans and De Meester 2002,Top-down control of natural phyto- and bacterioplankton prey communities by Daphnia magna and by the natural zooplankton community of the hypertrophic Lake Blankaart,Daphnia,magna,,,0.011,0.005,,,biomass.uL per ug per hour,,,,,,,,,,,,,,,,,,,,,,,,,,,,,,,,,,,,,,,,,,,,,,,,,,,,,,,,,,,
Degans and De Meester 2002,Top-down control of natural phyto- and bacterioplankton prey communities by Daphnia magna and by the natural zooplankton community of the hypertrophic Lake Blankaart,Daphnia,magna,,,0.007,0.0008,,,biomass.uL per ug per hour,,,,,,,,,,,,,,,,,,,,,,,,,,,,,,,,,,,,,,,,,,,,,,,,,,,,,,,,,,,
De Lange and Van Reeuwijk 2003,Negative effects of UVB-irradiated phytoplankton on life history traits and fitness of Daphnia magna,Daphnia,mgana,12,,,,,,,,,,,,,,,,,,,,5.9,0.346410162,,days to maturity,,,,,,Chlamydomonas,,,,,,,,,,,,,,,,,,,,,,,,,,,,,,,,,,,,
De Lange and Van Reeuwijk 2004,Negative effects of UVB-irradiated phytoplankton on life history traits and fitness of Daphnia magna,Daphnia,mgana,10,,,,,,,,,,,,,,,,,,,,6,0,,days to maturity,,,,,,Cryptomonas,,,,,,,,,,,,,,,,,,,,,,,,,,,,,,,,,,,,
"Fernandez-Casalderrey, Ferrando and Moliner 1993",Effect of the insecticide methylparathion on filtration and ingestion rates of Brachionus caluciflorus and Daphnia magna,Daphnia,magna,,,1005,,,,ul/indi/hour,,,,,,,,,,,,,,,,,,,,,,,Nannochloris oculata,,,,,,,,,,,,,,,,,,,,,,,,,,,,,,,,,,,,"unclear how many replicates or what error bars are-- filtration, ingestion also available"
Ferrando and Andreu 1993,Feeding behaviour as an index of copper stress in Daphnia magna and Brachionus calyciflorus,Daphnia,mgana,5,25,1588,,,,ul/ind/hr,,,,,,,,,,,,,,,,,,,,,,,Nannochloris oculata,,,,,,,,,,,,,,,,,,,,,,,,,,,,,,,,,,,,"unclear what error bars are -- filtration, ingestion also available"
"Hansen, Bjorsen and Hansen 1997",Zooplankton grazing and growth: scaling within the 2-2000-um body size range,Daphnia,magna,,,,,,,,,,,,,,,,,,,,,,,,,,,,,,,,,,,,,,,,,,,,,,,,,,,,,,,,,,,,,,,,,,
Porter et al 1982,,Daphnia,magna,,,0.033,,,,per hour,1.19,,,,,,,,,,,,,,,,,,,,,,,,,,,,,,,,,,,,,,,,,,,,,,,,,,,,,,,,,,
Philippova and Postnov 1988,,Daphnia,magna,,,0.0329,,,,per hour,2.38,,,,,,,,,,,,,,,,,,,,,,,,,,,,,,,,,,,,,,,,,,,,,,,,,,,,,,,,,,
Philippova and Postnov 1988,,Daphnia,magna,,,0.117,,,,per hour,8,,,,,,,,,,,,,,,,,,,,,,,,,,,,,,,,,,,,,,,,,,,,,,,,,,,,,,,,,,
Kersting and van der Leeuf 1976,,Daphnia,magna,,,0.0141,,,,per hour,17.4,,,,,,,,,,,,,,,,,,,,,,,,,,,,,,,,,,,,,,,,,,,,,,,,,,,,,,,,,,
McMahon and Rigler 1965,,Daphnia,magna,,,0.061,,,,per hour,9.67,,,,,,,,,,,,,,,,,,,,,,,,,,,,,,,,,,,,,,,,,,,,,,,,,,,,,,,,,,
McMahon and Rigler 1965,,Daphnia,magna,,,0.0425,,,,per hour,4.42,,,,,,,,,,,,,,,,,,,,,,,,,,,,,,,,,,,,,,,,,,,,,,,,,,,,,,,,,,
McMahon and Rigler 1965,,Daphnia,magna,,,0.031,,,,per hour,4.6,,,,,,,,,,,,,,,,,,,,,,,,,,,,,,,,,,,,,,,,,,,,,,,,,,,,,,,,,,
McMahon and Rigler 1965,,Daphnia,magna,,,0.0585,,,,per hour,1.04,,,,,,,,,,,,,,,,,,,,,,,,,,,,,,,,,,,,,,,,,,,,,,,,,,,,,,,,,,
McMahon 1965,,Daphnia,magna,,,0.166,,,,per hour,1.55,,,,,,,,,,,,,,,,,,,,,,,,,,,,,,,,,,,,,,,,,,,,,,,,,,,,,,,,,,
McMahon 1966,,Daphnia,magna,,,0.162,,,,per hour,1.33,,,,,,,,,,,,,,,,,,,,,,,,,,,,,,,,,,,,,,,,,,,,,,,,,,,,,,,,,,
McMahon 1967,,Daphnia,magna,,,0.083,,,,per hour,3.88,,,,,,,,,,,,,,,,,,,,,,,,,,,,,,,,,,,,,,,,,,,,,,,,,,,,,,,,,,
McMahon 1968,,Daphnia,magna,,,0.085,,,,per hour,4.11,,,,,,,,,,,,,,,,,,,,,,,,,,,,,,,,,,,,,,,,,,,,,,,,,,,,,,,,,,
McMahon 1969,,Daphnia,magna,,,0.141,,,,per hour,1.58,,,,,,,,,,,,,,,,,,,,,,,,,,,,,,,,,,,,,,,,,,,,,,,,,,,,,,,,,,
McMahon 1970,,Daphnia,magna,,,0.072,,,,per hour,4.47,,,,,,,,,,,,,,,,,,,,,,,,,,,,,,,,,,,,,,,,,,,,,,,,,,,,,,,,,,
McMahon 1971,,Daphnia,magna,,,0.062,,,,per hour,6.37,,,,,,,,,,,,,,,,,,,,,,,,,,,,,,,,,,,,,,,,,,,,,,,,,,,,,,,,,,
Jurgens et al 1996,Feeding rates of macro- and microzooplankton on heterotrophic nanoflagelletes,Daphnia,magna,3,20,2115.6,223.3,,,ul per indiv per hour,,,,,,,,,,,,,,,,,,,,,,,Spumella sp,,,,,,,,,,,,,,,,,,,,,,,,,,,,,,,,,,,,
Jurgens et al 1997,Feeding rates of macro- and microzooplankton on heterotrophic nanoflagelletes,Daphnia,magna (juvenile),3,20,476,76.4,,,ul per indiv per hour,,,,,,,,,,,,,,,,,,,,,,,Spumella sp,,,,,,,,,,,,,,,,,,,,,,,,,,,,,,,,,,,,
Jurgens et al 1998,Feeding rates of macro- and microzooplankton on heterotrophic nanoflagelletes,Daphnia,magna,3,20,2780,484.6,,,ul per indiv per hour,,,,,,,,,,,,,,,,,,,,,,,Bodo saltans,,,,,,,,,,,,,,,,,,,,,,,,,,,,,,,,,,,,
Jurgens et al 1999,Feeding rates of macro- and microzooplankton on heterotrophic nanoflagelletes,Daphnia,magna (juvenile),3,20,1084.2,133.2,,,ul per indiv per hour,,,,,,,,,,,,,,,,,,,,,,,Bodo saltans,,,,,,,,,,,,,,,,,,,,,,,,,,,,,,,,,,,,
"Leu, Faerovig and Hessen 2006",UV effects on stoichiometry and PUFAs of Selenastrum capricornutum and their consequences for the grazer Daphnia magna,Daphnia,magna,5,,0.31,0.18,,,mL/animal/hour,,,,,,,,,,,,,,,,,,,,,,,Selenastrum capricornutum,,,,,,,,,,,,,,,,,,,,,,,,,,,,,,,,,,,,
"Leu, Faerovig and Hessen 2006",UV effects on stoichiometry and PUFAs of Selenastrum capricornutum and their consequences for the grazer Daphnia magna,Daphnia,magna,5,,0.244,0.184,,,mL/animal/hour,,,,,,,,,,,,,,,,,,,,,,,Selenastrum capricornutum,,,,,,,,,,,,,,,,,,,,,,,,,,,,,,,,,,,,
"Leu, Faerovig and Hessen 2006",UV effects on stoichiometry and PUFAs of Selenastrum capricornutum and their consequences for the grazer Daphnia magna,Daphnia,magna,5,,0.277,0.101,,,mL/animal/hour,,,,,,,,,,,,,,,,,,,,,,,Selenastrum capricornutum,,,,,,,,,,,,,,,,,,,,,,,,,,,,,,,,,,,,
"Leu, Faerovig and Hessen 2006",UV effects on stoichiometry and PUFAs of Selenastrum capricornutum and their consequences for the grazer Daphnia magna,Daphnia,magna,5,,0.86,0.57,,,mL/animal/hour,,,,,,,,,,,,,,,,,,,,,,,Selenastrum capricornutum,,,,,,,,,,,,,,,,,,,,,,,,,,,,,,,,,,,,
"Leu, Faerovig and Hessen 2006",UV effects on stoichiometry and PUFAs of Selenastrum capricornutum and their consequences for the grazer Daphnia magna,Daphnia,magna,5,,1.4,0.22,,,mL/animal/hour,,,,,,,,,,,,,,,,,,,,,,,Selenastrum capricornutum,,,,,,,,,,,,,,,,,,,,,,,,,,,,,,,,,,,,
"Leu, Faerovig and Hessen 2006",UV effects on stoichiometry and PUFAs of Selenastrum capricornutum and their consequences for the grazer Daphnia magna,Daphnia,magna,5,,2.86,1.19,,,mL/animal/hour,,,,,,,,,,,,,,,,,,,,,,,Selenastrum capricornutum,,,,,,,,,,,,,,,,,,,,,,,,,,,,,,,,,,,,
"Leu, Faerovig and Hessen 2006",UV effects on stoichiometry and PUFAs of Selenastrum capricornutum and their consequences for the grazer Daphnia magna,Daphnia,magna,5,,3.5,0.64,,,mL/animal/hour,,,,,,,,,,,,,,,,,,,,,,,Selenastrum capricornutum,,,,,,,,,,,,,,,,,,,,,,,,,,,,,,,,,,,,
"Leu, Faerovig and Hessen 2006",UV effects on stoichiometry and PUFAs of Selenastrum capricornutum and their consequences for the grazer Daphnia magna,Daphnia,magna,5,,2.6,0.42,,,mL/animal/hour,,,,,,,,,,,,,,,,,,,,,,,Selenastrum capricornutum,,,,,,,,,,,,,,,,,,,,,,,,,,,,,,,,,,,,
"Lurling, Lange and Van Donk 1997",Changes in food quality of the green alga Scendesmus induced by Daphnia infochemicals: biochemical composition and morphology,Daphnia,magna (juvenile),5,20,0.3,0.066,,,ml/indiv/hour,,,,,,,,,,,,,,,,,,,,,,,Scenedesmus obliquus,,,,,,,,,,,,,,,,,,,,,,,,,,,,,,,,,,,,1.8 cells per colony- juvenile size 0.95mm
"Lurling, Lange and Van Donk 1998",Changes in food quality of the green alga Scendesmus induced by Daphnia infochemicals: biochemical composition and morphology,Daphnia,magna (juvenile),5,20,0.22,0.06,,,ml/indiv/hour,,,,,,,,,,,,,,,,,,,,,,,,,,,,,,,,,,,,,,,,,,,,,,,,,,,,,,,,,,,3 cells per colony-juvenile size 0.95mm
"Lurling, Lange and Van Donk 1999",Changes in food quality of the green alga Scendesmus induced by Daphnia infochemicals: biochemical composition and morphology,Daphnia,magna (juvenile),5,20,0.047,0.073,,,ml/indiv/hour,,,,,,,,,,,,,,,,,,,,,,,,,,,,,,,,,,,,,,,,,,,,,,,,,,,,,,,,,,,6.8 cells per colony-juvenile size 0.95mm
"Lurling, Lange and Van Donk 2000",Changes in food quality of the green alga Scendesmus induced by Daphnia infochemicals: biochemical composition and morphology,Daphnia,magna,5,20,0.95,0.06,,,ml/indiv/hour,,,,,,,,,,,,,,,,,,,,,,,,,,,,,,,,,,,,,,,,,,,,,,,,,,,,,,,,,,,1.8 cells per colony - 1.64mm
"Lurling, Lange and Van Donk 2001",Changes in food quality of the green alga Scendesmus induced by Daphnia infochemicals: biochemical composition and morphology,Daphnia,magna,5,20,0.95,0.05,,,ml/indiv/hour,,,,,,,,,,,,,,,,,,,,,,,,,,,,,,,,,,,,,,,,,,,,,,,,,,,,,,,,,,,3 cells per colony - 1.64 mm
"Lurling, Lange and Van Donk 2002",Changes in food quality of the green alga Scendesmus induced by Daphnia infochemicals: biochemical composition and morphology,Daphnia,magna,5,20,0.95,0.07,,,ml/indiv/hour,,,,,,,,,,,,,,,,,,,,,,,,,,,,,,,,,,,,,,,,,,,,,,,,,,,,,,,,,,,6.8 cells per colony -1.64mm
McMahon 1965,Some physical factors influencing the feeding behavior of Daphnia magna straus,Daphnia,magna,6,,0.004,,,,millions cells per individual per hour,,,,,.01 cell/ml,1.25mm,,,,,,,,,,,,,,,,,Chlorella vulgaris,,,,,,,,,,,,,,,,,,,,,,,,,,,,,,,,,,,,
McMahon 1966,Some physical factors influencing the feeding behavior of Daphnia magna straus,Daphnia,magna,6,,0.03,,,,millions cells per individual per hour,,,,,0.05,1.25mm,,,,,,,,,,,,,,,,,,,,,,,,,,,,,,,,,,,,,,,,,,,,,,,,,,,,,
McMahon 1967,Some physical factors influencing the feeding behavior of Daphnia magna straus,Daphnia,magna,6,,0.035,,,,millions cells per individual per hour,,,,,0.075,1.25mm,,,,,,,,,,,,,,,,,,,,,,,,,,,,,,,,,,,,,,,,,,,,,,,,,,,,,
McMahon 1968,Some physical factors influencing the feeding behavior of Daphnia magna straus,Daphnia,magna,6,,0.05,,,,millions cells per individual per hour,,,,,0.1,1.25mm,,,,,,,,,,,,,,,,,,,,,,,,,,,,,,,,,,,,,,,,,,,,,,,,,,,,,
McMahon 1969,Some physical factors influencing the feeding behavior of Daphnia magna straus,Daphnia,magna,6,,0.04,,,,millions cells per individual per hour,,,,,0.18,1.25mm,,,,,,,,,,,,,,,,,,,,,,,,,,,,,,,,,,,,,,,,,,,,,,,,,,,,,
McMahon 1970,Some physical factors influencing the feeding behavior of Daphnia magna straus,Daphnia,magna,6,,0.05,,,,millions cells per individual per hour,,,,,0.2,1.25mm,,,,,,,,,,,,,,,,,,,,,,,,,,,,,,,,,,,,,,,,,,,,,,,,,,,,,
McMahon 1971,Some physical factors influencing the feeding behavior of Daphnia magna straus,Daphnia,magna,6,,0.016,,,,millions cells per individual per hour,,,,,.01 cell/ml,1.91mm,,,,,,,,,,,,,,,,,,,,,,,,,,,,,,,,,,,,,,,,,,,,,,,,,,,,,
McMahon 1972,Some physical factors influencing the feeding behavior of Daphnia magna straus,Daphnia,magna,6,,0.06,,,,millions cells per individual per hour,,,,,0.05,1.91mm,,,,,,,,,,,,,,,,,,,,,,,,,,,,,,,,,,,,,,,,,,,,,,,,,,,,,
McMahon 1973,Some physical factors influencing the feeding behavior of Daphnia magna straus,Daphnia,magna,6,,0.09,,,,millions cells per individual per hour,,,,,0.075,1.91mm,,,,,,,,,,,,,,,,,,,,,,,,,,,,,,,,,,,,,,,,,,,,,,,,,,,,,
McMahon 1974,Some physical factors influencing the feeding behavior of Daphnia magna straus,Daphnia,magna,6,,0.12,,,,millions cells per individual per hour,,,,,0.1,1.91mm,,,,,,,,,,,,,,,,,,,,,,,,,,,,,,,,,,,,,,,,,,,,,,,,,,,,,
McMahon 1975,Some physical factors influencing the feeding behavior of Daphnia magna straus,Daphnia,magna,6,,0.12,,,,millions cells per individual per hour,,,,,0.2,1.91mm,,,,,,,,,,,,,,,,,,,,,,,,,,,,,,,,,,,,,,,,,,,,,,,,,,,,,
McMahon 1976,Some physical factors influencing the feeding behavior of Daphnia magna straus,Daphnia,magna,6,,0.12,,,,millions cells per individual per hour,,,,,0.05,2.56mm,,,,,,,,,,,,,,,,,,,,,,,,,,,,,,,,,,,,,,,,,,,,,,,,,,,,,
McMahon 1977,Some physical factors influencing the feeding behavior of Daphnia magna straus,Daphnia,magna,6,,0.15,,,,millions cells per individual per hour,,,,,0.075,2.56mm,,,,,,,,,,,,,,,,,,,,,,,,,,,,,,,,,,,,,,,,,,,,,,,,,,,,,
McMahon 1978,Some physical factors influencing the feeding behavior of Daphnia magna straus,Daphnia,magna,6,,0.18,,,,millions cells per individual per hour,,,,,0.1,2.56mm,,,,,,,,,,,,,,,,,,,,,,,,,,,,,,,,,,,,,,,,,,,,,,,,,,,,,
McMahon 1979,Some physical factors influencing the feeding behavior of Daphnia magna straus,Daphnia,magna,6,,0.23,,,,millions cells per individual per hour,,,,,0.12,2.56mm,,,,,,,,,,,,,,,,,,,,,,,,,,,,,,,,,,,,,,,,,,,,,,,,,,,,,
McMahon 1980,Some physical factors influencing the feeding behavior of Daphnia magna straus,Daphnia,magna,6,,0.24,,,,millions cells per individual per hour,,,,,0.18,2.56mm,,,,,,,,,,,,,,,,,,,,,,,,,,,,,,,,,,,,,,,,,,,,,,,,,,,,,
McMahon 1981,Some physical factors influencing the feeding behavior of Daphnia magna straus,Daphnia,magna,6,,0.255,,,,millions cells per individual per hour,,,,,0.2,2.56mm,,,,,,,,,,,,,,,,,,,,,,,,,,,,,,,,,,,,,,,,,,,,,,,,,,,,,
McMahon 1982,Some physical factors influencing the feeding behavior of Daphnia magna straus,Daphnia,magna,6,,0.15,,,,millions cells per individual per hour,,,,,0.05,2.72mm,,,,,,,,,,,,,,,,,,,,,,,,,,,,,,,,,,,,,,,,,,,,,,,,,,,,,
McMahon 1983,Some physical factors influencing the feeding behavior of Daphnia magna straus,Daphnia,magna,6,,0.22,,,,millions cells per individual per hour,,,,,0.1,2.72mm,,,,,,,,,,,,,,,,,,,,,,,,,,,,,,,,,,,,,,,,,,,,,,,,,,,,,
McMahon 1984,Some physical factors influencing the feeding behavior of Daphnia magna straus,Daphnia,magna,6,,0.25,,,,millions cells per individual per hour,,,,,0.12,2.72mm,,,,,,,,,,,,,,,,,,,,,,,,,,,,,,,,,,,,,,,,,,,,,,,,,,,,,
McMahon 1985,Some physical factors influencing the feeding behavior of Daphnia magna straus,Daphnia,magna,6,,0.28,,,,millions cells per individual per hour,,,,,0.14,2.72mm,,,,,,,,,,,,,,,,,,,,,,,,,,,,,,,,,,,,,,,,,,,,,,,,,,,,,
McMahon 1986,Some physical factors influencing the feeding behavior of Daphnia magna straus,Daphnia,magna,6,,0.3,,,,millions cells per individual per hour,,,,,0.18,2.72mm,,,,,,,,,,,,,,,,,,,,,,,,,,,,,,,,,,,,,,,,,,,,,,,,,,,,,
McMahon 1987,Some physical factors influencing the feeding behavior of Daphnia magna straus,Daphnia,magna,6,,0.132,,,,millions cells per individual per hour,,,,,0.05,3.05mm,,,,,,,,,,,,,,,,,,,,,,,,,,,,,,,,,,,,,,,,,,,,,,,,,,,,,
McMahon 1988,Some physical factors influencing the feeding behavior of Daphnia magna straus,Daphnia,magna,6,,0.24,,,,millions cells per individual per hour,,,,,0.075,3.05mm,,,,,,,,,,,,,,,,,,,,,,,,,,,,,,,,,,,,,,,,,,,,,,,,,,,,,
McMahon 1989,Some physical factors influencing the feeding behavior of Daphnia magna straus,Daphnia,magna,6,,0.3,,,,millions cells per individual per hour,,,,,0.1,3.05mm,,,,,,,,,,,,,,,,,,,,,,,,,,,,,,,,,,,,,,,,,,,,,,,,,,,,,
McMahon 1990,Some physical factors influencing the feeding behavior of Daphnia magna straus,Daphnia,magna,6,,0.31,,,,millions cells per individual per hour,,,,,0.12,3.05mm,,,,,,,,,,,,,,,,,,,,,,,,,,,,,,,,,,,,,,,,,,,,,,,,,,,,,
McMahon 1991,Some physical factors influencing the feeding behavior of Daphnia magna straus,Daphnia,magna,6,,0.33,,,,millions cells per individual per hour,,,,,0.14,3.05mm,,,,,,,,,,,,,,,,,,,,,,,,,,,,,,,,,,,,,,,,,,,,,,,,,,,,,
McMahon 1992,Some physical factors influencing the feeding behavior of Daphnia magna straus,Daphnia,magna,6,,0.326,,,,millions cells per individual per hour,,,,,0.18,3.05mm,,,,,,,,,,,,,,,,,,,,,,,,,,,,,,,,,,,,,,,,,,,,,,,,,,,,,
McMahon 1993,Some physical factors influencing the feeding behavior of Daphnia magna straus,Daphnia,magna,6,,0.34,,,,millions cells per individual per hour,,,,,0.2,3.05mm,,,,,,,,,,,,,,,,,,,,,,,,,,,,,,,,,,,,,,,,,,,,,,,,,,,,,
McMahon 1994,Some physical factors influencing the feeding behavior of Daphnia magna straus,Daphnia,magna,6,,0.03,,,,millions cells per individual per hour,,,,,0.01,3.25mm,,,,,,,,,,,,,,,,,,,,,,,,,,,,,,,,,,,,,,,,,,,,,,,,,,,,,
McMahon 1995,Some physical factors influencing the feeding behavior of Daphnia magna straus,Daphnia,magna,6,,0.16,,,,millions cells per individual per hour,,,,,0.05,3.25mm,,,,,,,,,,,,,,,,,,,,,,,,,,,,,,,,,,,,,,,,,,,,,,,,,,,,,
McMahon 1996,Some physical factors influencing the feeding behavior of Daphnia magna straus,Daphnia,magna,6,,0.315,,,,millions cells per individual per hour,,,,,0.1,3.25mm,,,,,,,,,,,,,,,,,,,,,,,,,,,,,,,,,,,,,,,,,,,,,,,,,,,,,
McMahon 1997,Some physical factors influencing the feeding behavior of Daphnia magna straus,Daphnia,magna,6,,0.38,,,,millions cells per individual per hour,,,,,0.12,3.25mm,,,,,,,,,,,,,,,,,,,,,,,,,,,,,,,,,,,,,,,,,,,,,,,,,,,,,
McMahon 1998,Some physical factors influencing the feeding behavior of Daphnia magna straus,Daphnia,magna,6,,0.355,,,,millions cells per individual per hour,,,,,0.14,3.25mm,,,,,,,,,,,,,,,,,,,,,,,,,,,,,,,,,,,,,,,,,,,,,,,,,,,,,
McMahon 1999,Some physical factors influencing the feeding behavior of Daphnia magna straus,Daphnia,magna,6,,0.42,,,,millions cells per individual per hour,,,,,0.16,3.25mm,,,,,,,,,,,,,,,,,,,,,,,,,,,,,,,,,,,,,,,,,,,,,,,,,,,,,
McMahon 2000,Some physical factors influencing the feeding behavior of Daphnia magna straus,Daphnia,magna,6,,0.387,,,,millions cells per individual per hour,,,,,0.18,3.25mm,,,,,,,,,,,,,,,,,,,,,,,,,,,,,,,,,,,,,,,,,,,,,,,,,,,,,
McMahon 2001,Some physical factors influencing the feeding behavior of Daphnia magna straus,Daphnia,magna,6,,0.42,,,,millions cells per individual per hour,,,,,0.2,3.25mm,,,,,,,,,,,,,,,,,,,,,,,,,,,,,,,,,,,,,,,,,,,,,,,,,,,,,
McMahon 2002,Some physical factors influencing the feeding behavior of Daphnia magna straus,Daphnia,magna,6,,0.045,,,,millions cells per individual per hour,,,,,0.01,3.54mm,,,,,,,,,,,,,,,,,,,,,,,,,,,,,,,,,,,,,,,,,,,,,,,,,,,,,
McMahon 2003,Some physical factors influencing the feeding behavior of Daphnia magna straus,Daphnia,magna,6,,0.17,,,,millions cells per individual per hour,,,,,0.05,3.54mm,,,,,,,,,,,,,,,,,,,,,,,,,,,,,,,,,,,,,,,,,,,,,,,,,,,,,
McMahon 2004,Some physical factors influencing the feeding behavior of Daphnia magna straus,Daphnia,magna,6,,0.325,,,,millions cells per individual per hour,,,,,0.075,3.54mm,,,,,,,,,,,,,,,,,,,,,,,,,,,,,,,,,,,,,,,,,,,,,,,,,,,,,
McMahon 2005,Some physical factors influencing the feeding behavior of Daphnia magna straus,Daphnia,magna,6,,0.34,,,,millions cells per individual per hour,,,,,0.1,3.54mm,,,,,,,,,,,,,,,,,,,,,,,,,,,,,,,,,,,,,,,,,,,,,,,,,,,,,
McMahon 2006,Some physical factors influencing the feeding behavior of Daphnia magna straus,Daphnia,magna,6,,0.42,,,,millions cells per individual per hour,,,,,0.12,3.54mm,,,,,,,,,,,,,,,,,,,,,,,,,,,,,,,,,,,,,,,,,,,,,,,,,,,,,
McMahon 2007,Some physical factors influencing the feeding behavior of Daphnia magna straus,Daphnia,magna,6,,0.53,,,,millions cells per individual per hour,,,,,0.14,3.54mm,,,,,,,,,,,,,,,,,,,,,,,,,,,,,,,,,,,,,,,,,,,,,,,,,,,,,
McMahon 2008,Some physical factors influencing the feeding behavior of Daphnia magna straus,Daphnia,magna,6,,0.5,,,,millions cells per individual per hour,,,,,0.16,3.54mm,,,,,,,,,,,,,,,,,,,,,,,,,,,,,,,,,,,,,,,,,,,,,,,,,,,,,
McMahon 2009,Some physical factors influencing the feeding behavior of Daphnia magna straus,Daphnia,magna,6,,0.52,,,,millions cells per individual per hour,,,,,0.18,3.54mm,,,,,,,,,,,,,,,,,,,,,,,,,,,,,,,,,,,,,,,,,,,,,,,,,,,,,
McMahon 2010,Some physical factors influencing the feeding behavior of Daphnia magna straus,Daphnia,magna,6,,0.5,,,,millions cells per individual per hour,,,,,0.2,3.54mm,,,,,,,,,,,,,,,,,,,,,,,,,,,,,,,,,,,,,,,,,,,,,,,,,,,,,
"Nizan, Dimentman and Shilo 1986",Acute toxic effects of the cyanobacterium Microcystis aeruginosa of Daphnia magna,Daphnia,magna,1,,0.19,,,,micrograms chl a/ daphnia/ 24 hour,,,,,,,,,,,,,,,,,,,,,,,scenedesmus,,,,,,,,,,,,,,,,,,,,,,,,,,,,,,,,,,,,
Porter 1976,Enhancement of Algal Growth and productivity by grazing zooplankton,Daphnia,magna,10,,5.32,2.751181564,,,mg algae dry wt per animal per hour,,,,,,,,,,,,,,,,,,,,,,,Sphaerocystis schroeteri,,,,,,,,,,,,,,,,,,,,,,,,,,,,,,,,,,,,
Porter 1977,Enhancement of Algal Growth and productivity by grazing zooplankton,Daphnia,magna,9,,13.13,5.97,,,mg algae dry wt per animal per hour,,,,,,,,,,,,,,,,,,,,,,,Chlamydomonas reinhardii,,,,,,,,,,,,,,,,,,,,,,,,,,,,,,,,,,,,
"Porter, Gerritsen and Orcutt Jr.","The effect of food concentration on swimming patterns, feeding behavior, ingestion, assimilation, and respiration by Daphnia",Daphnia,magna,11,,3.5,,4.15,2.9,cm^3 per animal per hour,,,,,10^3  cells per cm2,,,,,,,,,,,,,,,,,,Chlamydomonas reinhardii,,,,,,,,,,,,,,,,,,,,,,,,,,,,,,,,,,,,
"Porter, Gerritsen and Orcutt Jr.","The effect of food concentration on swimming patterns, feeding behavior, ingestion, assimilation, and respiration by Daphnia",Daphnia,magna,11,,4.3,,4.9,3.72,cm^3 per animal per hour,,,,,  6600 cells per cm3,,,,,,,,,,,,,,,,,,Chlamydomonas reinhardii,,,,,,,,,,,,,,,,,,,,,,,,,,,,,,,,,,,,
"Porter, Gerritsen and Orcutt Jr.","The effect of food concentration on swimming patterns, feeding behavior, ingestion, assimilation, and respiration by Daphnia",Daphnia,magna,11,,3.8,,4.5,3.16,cm^3 per animal per hour,,,,,7900 cells per cm4,,,,,,,,,,,,,,,,,,Chlamydomonas reinhardii,,,,,,,,,,,,,,,,,,,,,,,,,,,,,,,,,,,,
"Porter, Gerritsen and Orcutt Jr.","The effect of food concentration on swimming patterns, feeding behavior, ingestion, assimilation, and respiration by Daphnia",Daphnia,magna,11,,2.2,,2.6,2,cm^3 per animal per hour,,,,,10^4  cells per cm5,,,,,,,,,,,,,,,,,,Chlamydomonas reinhardii,,,,,,,,,,,,,,,,,,,,,,,,,,,,,,,,,,,,
"Porter, Gerritsen and Orcutt Jr.","The effect of food concentration on swimming patterns, feeding behavior, ingestion, assimilation, and respiration by Daphnia",Daphnia,magna,11,,0.22,,,,cm^3 per animal per hour,,,,,10^5  cells per cm6,,,,,,,,,,,,,,,,,,Chlamydomonas reinhardii,,,,,,,,,,,,,,,,,,,,,,,,,,,,,,,,,,,,
"Porter, Gerritsen and Orcutt Jr.","The effect of food concentration on swimming patterns, feeding behavior, ingestion, assimilation, and respiration by Daphnia",Daphnia,magna,11,,0.05,,,,cm^3 per animal per hour,,,,,10^6  cells per cm7,,,,,,,,,,,,,,,,,,Chlamydomonas reinhardii,,,,,,,,,,,,,,,,,,,,,,,,,,,,,,,,,,,,
"Porter, Feig and Vetter 1983","Morphology, flow regimes and filtering rates of Daphnia, Ceriodaphnia, and Bosmina fed natrual bacteria",Daphnia,magna,5,,2.77,0.223606798,,,ml per animal per hour,,,,,,,,,,,,,,,,,,,,,,,,,,,,,,,,,,,,,,,,,,,,,,,,,,,,,,,,,,,
Ryther 1954,Inhibitory effects of phytoplankton upon the feeding of daphnia magna,Daphnia,magna,3?,19,0.052,,,,millions chlorella per indiv per hour,,,,,,,,,,,,,,,,,,,,,,,Chlorella vulgaris,,,,,,,,,,,,,,,,,,,,,,,,,,,,,,,,,,,,
Ryther 1955,Inhibitory effects of phytoplankton upon the feeding of daphnia magna,Daphnia,magna,3?,19,0.13,,,,millions chlorella per indiv per hour,,,,,,,,,,,,,,,,,,,,,,,Chlorella vulgaris,,,,,,,,,,,,,,,,,,,,,,,,,,,,,,,,,,,,
Ryther 1956,Inhibitory effects of phytoplankton upon the feeding of daphnia magna,Daphnia,magna,3?,19,0.23,,,,millions chlorella per indiv per hour,,,,,,,,,,,,,,,,,,,,,,,Chlorella vulgaris,,,,,,,,,,,,,,,,,,,,,,,,,,,,,,,,,,,,
Ryther 1957,Inhibitory effects of phytoplankton upon the feeding of daphnia magna,Daphnia,magna,3?,19,0.2,,,,millions chlorella per indiv per hour,,,,,,,,,,,,,,,,,,,,,,,Chlorella vulgaris,,,,,,,,,,,,,,,,,,,,,,,,,,,,,,,,,,,,
Miyazaki et al ,Effects of Ammonium concentration and dilution on the competition between cyanobacterium microcystis novacekii and the green alga scenedesmus quadricuada,Scenedesmus,quadricauda,,,,,,,,,,,,,,,,,,,,,,,,,,,,,,,,,,,0.696,9.744,mol N/mol C day,,,,,,,,,,,,,,,,,,,,,,,,,,,,,
