OTU,Cluster,IndVal,Prob,Domain,Phylum,Class,Order,Family,Genus
Otu00152,1,0.99062047,0.001,Bacteria,Proteobacteria,Proteobacteria_unclassified,Proteobacteria_unclassified,Proteobacteria_unclassified,Proteobacteria_unclassified
Otu00049,1,0.990031224,0.001,Bacteria,Proteobacteria,Alphaproteobacteria,Rhodospirillales,Rhodospirillales_unclassified,Rhodospirillales_unclassified
Otu00007,1,0.983143519,0.001,Bacteria,Proteobacteria,Betaproteobacteria,Burkholderiales,Burkholderiaceae,Polynucleobacter
Otu00105,1,0.979680486,0.001,Bacteria,Verrucomicrobia,Spartobacteria,Spartobacteria_order_incertae_sedis,Spartobacteria_family_incertae_sedis,Spartobacteria_genera_incertae_sedis
Otu00129,1,0.954122013,0.001,Bacteria,Bacteroidetes,Bacteroidetes_unclassified,Bacteroidetes_unclassified,Bacteroidetes_unclassified,Bacteroidetes_unclassified
Otu00204,1,0.952454811,0.001,Bacteria,Bacteria_unclassified,Bacteria_unclassified,Bacteria_unclassified,Bacteria_unclassified,Bacteria_unclassified
Otu00201,1,0.947332037,0.001,Bacteria,Verrucomicrobia,Subdivision3,Subdivision3_order_incertae_sedis,Subdivision3_family_incertae_sedis,3_genus_incertae_sedis
Otu00017,1,0.940061524,0.001,Bacteria,Bacteroidetes,Sphingobacteria,Sphingobacteriales,Chitinophagaceae,Sediminibacterium
Otu00033,1,0.929102829,0.001,Bacteria,Verrucomicrobia,Verrucomicrobiae,Verrucomicrobiales,Verrucomicrobiales_unclassified,Verrucomicrobiales_unclassified
Otu00030,1,0.919215465,0.001,Bacteria,Proteobacteria,Alphaproteobacteria,Sphingomonadales,Sphingomonadaceae,Sphingomonadaceae_unclassified
Otu00159,1,0.913315784,0.001,Bacteria,Bacteroidetes,Bacteroidetes_unclassified,Bacteroidetes_unclassified,Bacteroidetes_unclassified,Bacteroidetes_unclassified
Otu00051,1,0.905162533,0.001,Bacteria,Proteobacteria,Alphaproteobacteria,Rhodospirillales,Acetobacteraceae,Roseomonas
Otu00144,1,0.905080513,0.001,Bacteria,Acidobacteria,Acidobacteria_Gp3,Acidobacteria_Gp3_unclassified,Acidobacteria_Gp3_unclassified,Acidobacteria_Gp3_unclassified
Otu00224,1,0.903712527,0.001,Bacteria,Proteobacteria,Gammaproteobacteria,Xanthomonadales,Xanthomonadaceae,Xanthomonadaceae_unclassified
Otu00229,1,0.898863599,0.001,Bacteria,Proteobacteria,Betaproteobacteria,Methylophilales,Methylophilaceae,Methylobacillus
Otu00042,1,0.895898637,0.001,Bacteria,Proteobacteria,Alphaproteobacteria,Rhizobiales,Rhizobiales_unclassified,Rhizobiales_unclassified
Otu00002,1,0.895387203,0.001,Bacteria,Proteobacteria,Betaproteobacteria,Burkholderiales,Comamonadaceae,Comamonadaceae_unclassified
Otu00054,1,0.884701133,0.001,Bacteria,Verrucomicrobia,Verrucomicrobiae,Verrucomicrobiales,Verrucomicrobiaceae,Prosthecobacter
Otu00111,1,0.883258009,0.001,Bacteria,Proteobacteria,Alphaproteobacteria,Rhodospirillales,Acetobacteraceae,Roseomonas
Otu00020,1,0.868201652,0.001,Bacteria,Bacteroidetes,Bacteroidetes_unclassified,Bacteroidetes_unclassified,Bacteroidetes_unclassified,Bacteroidetes_unclassified
Otu00084,1,0.866618215,0.001,Bacteria,Verrucomicrobia,Verrucomicrobiae,Verrucomicrobiales,Verrucomicrobiaceae,Prosthecobacter
Otu00189,1,0.865313794,0.001,Bacteria,Bacteroidetes,Sphingobacteria,Sphingobacteriales,Cyclobacteriaceae,Cyclobacteriaceae_unclassified
Otu00061,1,0.865047705,0.001,Bacteria,Verrucomicrobia,Verrucomicrobiae,Verrucomicrobiales,Verrucomicrobiaceae,Verrucomicrobiaceae_unclassified
Otu00233,1,0.862923835,0.001,Bacteria,Bacteroidetes,Sphingobacteria,Sphingobacteriales,Chitinophagaceae,Chitinophagaceae_unclassified
Otu00082,1,0.861652352,0.001,Bacteria,Proteobacteria,Betaproteobacteria,Burkholderiales,Comamonadaceae,Acidovorax
Otu00060,1,0.861428892,0.001,Bacteria,Bacteroidetes,Bacteroidetes_unclassified,Bacteroidetes_unclassified,Bacteroidetes_unclassified,Bacteroidetes_unclassified
Otu00134,1,0.852320056,0.019,Bacteria,Proteobacteria,Alphaproteobacteria,Sphingomonadales,Sphingomonadaceae,Sandarakinorhabdus
Otu00170,1,0.836858284,0.001,Bacteria,Bacteroidetes,Sphingobacteria,Sphingobacteriales,Cyclobacteriaceae,Algoriphagus
Otu00177,1,0.827520615,0.001,Bacteria,Proteobacteria,Betaproteobacteria,Burkholderiales,Burkholderiales_unclassified,Burkholderiales_unclassified
Otu00091,1,0.823178466,0.001,Bacteria,Bacteroidetes,Sphingobacteria,Sphingobacteriales,Sphingobacteriales_unclassified,Sphingobacteriales_unclassified
Otu00131,1,0.822429789,0.001,Bacteria,Bacteroidetes,Bacteroidetes_unclassified,Bacteroidetes_unclassified,Bacteroidetes_unclassified,Bacteroidetes_unclassified
Otu00013,1,0.803555187,0.001,Bacteria,Proteobacteria,Betaproteobacteria,Burkholderiales,Oxalobacteraceae,Oxalobacteraceae_unclassified
Otu00132,1,0.800773007,0.001,Bacteria,Actinobacteria,Actinobacteria,Actinomycetales,Actinomycetales_unclassified,Actinomycetales_unclassified
Otu00309,1,0.780381415,0.001,Bacteria,Bacteroidetes,Sphingobacteria,Sphingobacteriales,Chitinophagaceae,Chitinophagaceae_unclassified
Otu00052,1,0.773220735,0.001,Bacteria,Verrucomicrobia,Verrucomicrobiae,Verrucomicrobiales,Verrucomicrobiaceae,Luteolibacter
Otu00167,1,0.768993407,0.001,Bacteria,Bacteroidetes,Bacteroidetes_unclassified,Bacteroidetes_unclassified,Bacteroidetes_unclassified,Bacteroidetes_unclassified
Otu00043,1,0.75327655,0.001,Bacteria,Proteobacteria,Alphaproteobacteria,Rhodobacterales,Rhodobacteraceae,Rhodobacteraceae_unclassified
Otu00107,1,0.736623661,0.001,Bacteria,Proteobacteria,Alphaproteobacteria,Rhodospirillales,Rhodospirillaceae,Azospirillum
Otu00262,1,0.729797918,0.001,Bacteria,Bacteroidetes,Bacteroidetes_unclassified,Bacteroidetes_unclassified,Bacteroidetes_unclassified,Bacteroidetes_unclassified
Otu00104,1,0.711011074,0.001,Bacteria,Proteobacteria,Betaproteobacteria,Betaproteobacteria_unclassified,Betaproteobacteria_unclassified,Betaproteobacteria_unclassified
Otu00126,1,0.695358076,0.001,Bacteria,Bacteroidetes,Sphingobacteria,Sphingobacteriales,Chitinophagaceae,Chitinophagaceae_unclassified
Otu00192,1,0.694371774,0.001,Bacteria,Bacteroidetes,Bacteroidetes_unclassified,Bacteroidetes_unclassified,Bacteroidetes_unclassified,Bacteroidetes_unclassified
Otu00255,1,0.692489347,0.001,Bacteria,Bacteria_unclassified,Bacteria_unclassified,Bacteria_unclassified,Bacteria_unclassified,Bacteria_unclassified
Otu00069,1,0.682662886,0.001,Bacteria,Actinobacteria,Actinobacteria,Actinomycetales,Actinomycetales_unclassified,Actinomycetales_unclassified
Otu00089,1,0.680053369,0.001,Bacteria,Proteobacteria,Betaproteobacteria,Burkholderiales,Burkholderiales_unclassified,Burkholderiales_unclassified
Otu00036,1,0.674893328,0.001,Bacteria,Verrucomicrobia,Opitutae,Puniceicoccales,Puniceicoccaceae,Cerasicoccus
Otu00169,1,0.672323016,0.001,Bacteria,Verrucomicrobia,Opitutae,Opitutales,Opitutaceae,Opitutus
Otu00008,1,0.652020884,0.001,Bacteria,Verrucomicrobia,Opitutae,Opitutae_unclassified,Opitutae_unclassified,Opitutae_unclassified
Otu00211,1,0.630798164,0.001,Bacteria,Gemmatimonadetes,Gemmatimonadetes,Gemmatimonadales,Gemmatimonadaceae,Gemmatimonas
Otu00271,1,0.62928605,0.001,Bacteria,Bacteroidetes,Bacteroidetes_unclassified,Bacteroidetes_unclassified,Bacteroidetes_unclassified,Bacteroidetes_unclassified
Otu00031,1,0.624615136,0.001,Bacteria,Bacteroidetes,Sphingobacteria,Sphingobacteriales,Cytophagaceae,Cytophagaceae_unclassified
Otu00093,1,0.603349868,0.001,Bacteria,Verrucomicrobia,Subdivision3,Subdivision3_order_incertae_sedis,Subdivision3_family_incertae_sedis,3_genus_incertae_sedis
Otu00116,1,0.579980844,0.001,Bacteria,Proteobacteria,Alphaproteobacteria,Rhodospirillales,Acetobacteraceae,Roseomonas
Otu00142,1,0.579457054,0.001,Bacteria,Bacteroidetes,Flavobacteria,Flavobacteriales,Cryomorphaceae,Cryomorphaceae_unclassified
Otu00079,1,0.564338212,0.001,Bacteria,Bacteroidetes,Flavobacteria,Flavobacteriales,Flavobacteriaceae,Flavobacterium
Otu00117,1,0.561366638,0.001,Bacteria,Proteobacteria,Alphaproteobacteria,Alphaproteobacteria_unclassified,Alphaproteobacteria_unclassified,Alphaproteobacteria_unclassified
Otu00314,1,0.547095929,0.001,Bacteria,Proteobacteria,Deltaproteobacteria,Desulfobacterales,Desulfobulbaceae,Desulfobulbus
Otu00280,1,0.544044202,0.003,Bacteria,Proteobacteria,Gammaproteobacteria,Gammaproteobacteria_unclassified,Gammaproteobacteria_unclassified,Gammaproteobacteria_unclassified
Otu00358,1,0.541028402,0.001,Bacteria,Proteobacteria,Deltaproteobacteria,Desulfovibrionales,Desulfomicrobiaceae,Desulfomicrobium
Otu00050,1,0.539146702,0.009,Bacteria,Proteobacteria,Alphaproteobacteria,Rhodobacterales,Rhodobacteraceae,Rhodobacter
Otu00112,1,0.529253938,0.016,Bacteria,Proteobacteria,Betaproteobacteria,Burkholderiales,Burkholderiales_unclassified,Burkholderiales_unclassified
Otu00218,1,0.494279309,0.001,Bacteria,Proteobacteria,Alphaproteobacteria,Rhizobiales,Rhizobiales_unclassified,Rhizobiales_unclassified
Otu00090,1,0.484823303,0.001,Bacteria,Verrucomicrobia,Opitutae,Opitutales,Opitutaceae,Opitutaceae_unclassified
Otu00162,1,0.477929204,0.001,Bacteria,Verrucomicrobia,Verrucomicrobiae,Verrucomicrobiales,Verrucomicrobiaceae,Prosthecobacter
Otu00157,1,0.47738993,0.001,Bacteria,Bacteroidetes,Sphingobacteria,Sphingobacteriales,Chitinophagaceae,Chitinophagaceae_unclassified
Otu00158,1,0.475313962,0.001,Bacteria,Proteobacteria,Alphaproteobacteria,Sphingomonadales,Sphingomonadaceae,Sphingomonas
Otu00059,1,0.46249276,0.001,Bacteria,Proteobacteria,Betaproteobacteria,Burkholderiales,Comamonadaceae,Hydrogenophaga
Otu00239,1,0.434035032,0.001,Bacteria,Armatimonadetes,Armatimonadia,Armatimonadales,Armatimonadaceae,Armatimonas_Armatimonadetes_gp1
Otu00074,1,0.430776759,0.002,Bacteria,Bacteroidetes,Sphingobacteria,Sphingobacteriales,Cytophagaceae,Runella
Otu00145,1,0.391155165,0.001,Bacteria,Bacteria_unclassified,Bacteria_unclassified,Bacteria_unclassified,Bacteria_unclassified,Bacteria_unclassified
Otu00282,1,0.390912647,0.001,Bacteria,Verrucomicrobia,Verrucomicrobiae,Verrucomicrobiales,Verrucomicrobiaceae,Verrucomicrobiaceae_unclassified
Otu00225,1,0.390689285,0.001,Bacteria,Bacteria_unclassified,Bacteria_unclassified,Bacteria_unclassified,Bacteria_unclassified,Bacteria_unclassified
Otu00088,1,0.346529447,0.001,Bacteria,Proteobacteria,Betaproteobacteria,Burkholderiales,Burkholderiaceae,Polynucleobacter
Otu00199,1,0.263031385,0.007,Bacteria,Proteobacteria,Alphaproteobacteria,Rhodobacterales,Rhodobacteraceae,Rhodobacteraceae_unclassified
Otu00381,1,0.217098834,0.007,Bacteria,Bacteroidetes,Flavobacteria,Flavobacteriales,Cryomorphaceae,Fluviicola
Otu00194,1,0.216995269,0.031,Bacteria,Proteobacteria,Alphaproteobacteria,Alphaproteobacteria_unclassified,Alphaproteobacteria_unclassified,Alphaproteobacteria_unclassified
Otu00317,1,0.173871933,0.029,Bacteria,Bacteroidetes,Bacteroidetes_unclassified,Bacteroidetes_unclassified,Bacteroidetes_unclassified,Bacteroidetes_unclassified
Otu00137,2,0.936862094,0.001,Bacteria,Proteobacteria,Betaproteobacteria,Betaproteobacteria_unclassified,Betaproteobacteria_unclassified,Betaproteobacteria_unclassified
Otu00041,2,0.888933163,0.001,Bacteria,Bacteroidetes,Flavobacteria,Flavobacteriales,Flavobacteriaceae,Flavobacterium
Otu00086,2,0.852381912,0.001,Bacteria,Proteobacteria,Betaproteobacteria,Burkholderiales,Alcaligenaceae,Alcaligenaceae_unclassified
Otu00464,2,0.829292806,0.001,Bacteria,Bacteria_unclassified,Bacteria_unclassified,Bacteria_unclassified,Bacteria_unclassified,Bacteria_unclassified
Otu00053,2,0.822804652,0.001,Bacteria,Bacteroidetes,Sphingobacteria,Sphingobacteriales,Cyclobacteriaceae,Cyclobacteriaceae_unclassified
Otu00120,2,0.749666674,0.001,Bacteria,Bacteroidetes,Sphingobacteria,Sphingobacteriales,Cyclobacteriaceae,Belliella
Otu00056,2,0.728982581,0.001,Bacteria,Bacteroidetes,Bacteroidetes_unclassified,Bacteroidetes_unclassified,Bacteroidetes_unclassified,Bacteroidetes_unclassified
Otu00299,2,0.727952305,0.001,Bacteria,Bacteroidetes,Sphingobacteria,Sphingobacteriales,Saprospiraceae,Lewinella
Otu00021,2,0.694505864,0.001,Bacteria,Proteobacteria,Betaproteobacteria,Betaproteobacteria_unclassified,Betaproteobacteria_unclassified,Betaproteobacteria_unclassified
Otu00214,2,0.694429694,0.001,Bacteria,Proteobacteria,Gammaproteobacteria,Xanthomonadales,Xanthomonadaceae,Aquimonas
Otu00066,2,0.669232121,0.001,Bacteria,Proteobacteria,Gammaproteobacteria,Gammaproteobacteria_unclassified,Gammaproteobacteria_unclassified,Gammaproteobacteria_unclassified
Otu00174,2,0.648368182,0.001,Bacteria,Bacteria_unclassified,Bacteria_unclassified,Bacteria_unclassified,Bacteria_unclassified,Bacteria_unclassified
Otu00190,2,0.591639844,0.001,Bacteria,Proteobacteria,Gammaproteobacteria,Vibrionales,Vibrionaceae,Vibrio
Otu00071,2,0.579438942,0.002,Bacteria,Verrucomicrobia,Verrucomicrobiae,Verrucomicrobiales,Verrucomicrobiaceae,Prosthecobacter
Otu00251,2,0.5766738,0.001,Bacteria,Verrucomicrobia,Verrucomicrobiae,Verrucomicrobiales,Verrucomicrobiaceae,Verrucomicrobiaceae_unclassified
Otu00268,2,0.573642302,0.007,Bacteria,Proteobacteria,Alphaproteobacteria,Caulobacterales,Caulobacteraceae,Brevundimonas
Otu00234,2,0.572752993,0.001,Bacteria,Gemmatimonadetes,Gemmatimonadetes,Gemmatimonadales,Gemmatimonadaceae,Gemmatimonas
Otu00028,2,0.568369659,0.001,Bacteria,Proteobacteria,Alphaproteobacteria,Rhodobacterales,Rhodobacteraceae,Rhodobacter
Otu00322,2,0.565129007,0.001,Bacteria,Bacteroidetes,Sphingobacteria,Sphingobacteriales,Saprospiraceae,Lewinella
Otu00191,2,0.564534201,0.001,Bacteria,Bacteroidetes,Bacteroidetes_unclassified,Bacteroidetes_unclassified,Bacteroidetes_unclassified,Bacteroidetes_unclassified
Otu00065,2,0.563573073,0.001,Bacteria,Bacteroidetes,Flavobacteria,Flavobacteriales,Flavobacteriaceae,Flavobacteriaceae_unclassified
Otu00328,2,0.548406376,0.001,Bacteria,Proteobacteria,Gammaproteobacteria,Xanthomonadales,Xanthomonadaceae,Xanthomonadaceae_unclassified
Otu00026,2,0.544086282,0.002,Bacteria,Bacteroidetes,Sphingobacteria,Sphingobacteriales,Cyclobacteriaceae,Algoriphagus
Otu00349,2,0.540066964,0.001,Bacteria,Bacteroidetes,Bacteroidetes_unclassified,Bacteroidetes_unclassified,Bacteroidetes_unclassified,Bacteroidetes_unclassified
Otu00143,2,0.539029035,0.007,Bacteria,Proteobacteria,Alphaproteobacteria,Sphingomonadales,Erythrobacteraceae,Porphyrobacter
Otu00243,2,0.524833161,0.001,Bacteria,Proteobacteria,Gammaproteobacteria,Gammaproteobacteria_unclassified,Gammaproteobacteria_unclassified,Gammaproteobacteria_unclassified
Otu00337,2,0.518853645,0.001,Bacteria,Bacteroidetes,Sphingobacteria,Sphingobacteriales,Saprospiraceae,Saprospiraceae_unclassified
Otu00004,2,0.504956817,0.004,Bacteria,Actinobacteria,Actinobacteria,Actinomycetales,Microbacteriaceae,Microbacteriaceae_unclassified
Otu00206,2,0.502860893,0.02,Bacteria,Proteobacteria,Alphaproteobacteria,Caulobacterales,Hyphomonadaceae,Hyphomonas
Otu00296,2,0.501464742,0.001,Bacteria,Proteobacteria,Deltaproteobacteria,Desulfovibrionales,Desulfomicrobiaceae,Desulfomicrobium
Otu00040,2,0.500390727,0.019,Bacteria,Proteobacteria,Gammaproteobacteria,Gammaproteobacteria_unclassified,Gammaproteobacteria_unclassified,Gammaproteobacteria_unclassified
Otu00246,2,0.498570248,0.002,Bacteria,Bacteroidetes,Sphingobacteria,Sphingobacteriales,Saprospiraceae,Haliscomenobacter
Otu00003,2,0.487098229,0.001,Bacteria,Bacteroidetes,Bacteroidetes_unclassified,Bacteroidetes_unclassified,Bacteroidetes_unclassified,Bacteroidetes_unclassified
Otu00223,2,0.469246562,0.025,Bacteria,Proteobacteria,Alphaproteobacteria,Alphaproteobacteria_unclassified,Alphaproteobacteria_unclassified,Alphaproteobacteria_unclassified
Otu00242,2,0.466558072,0.004,Bacteria,Proteobacteria,Betaproteobacteria,Burkholderiales,Comamonadaceae,Hydrogenophaga
Otu00182,2,0.455340143,0.033,Bacteria,Proteobacteria,Alphaproteobacteria,Rhizobiales,Rhodobiaceae,Anderseniella
Otu00200,2,0.444787745,0.001,Bacteria,Proteobacteria,Betaproteobacteria,Betaproteobacteria_unclassified,Betaproteobacteria_unclassified,Betaproteobacteria_unclassified
Otu00150,2,0.437632405,0.012,Bacteria,Bacteroidetes,Sphingobacteria,Sphingobacteriales,Cyclobacteriaceae,Fontibacter
Otu00146,2,0.428913264,0.047,Bacteria,Bacteria_unclassified,Bacteria_unclassified,Bacteria_unclassified,Bacteria_unclassified,Bacteria_unclassified
Otu00178,2,0.417098379,0.023,Bacteria,Proteobacteria,Gammaproteobacteria,Alteromonadales,Alteromonadaceae,Haliea
Otu00109,2,0.416185378,0.003,Bacteria,Bacteria_unclassified,Bacteria_unclassified,Bacteria_unclassified,Bacteria_unclassified,Bacteria_unclassified
Otu00175,2,0.408374805,0.018,Bacteria,Planctomycetes,Planctomycetacia,Planctomycetales,Planctomycetaceae,Rhodopirellula
Otu00121,2,0.40148434,0.003,Bacteria,Proteobacteria,Betaproteobacteria,Burkholderiales,Alcaligenaceae,Alcaligenaceae_unclassified
Otu00114,2,0.375288342,0.003,Bacteria,Verrucomicrobia,Verrucomicrobiae,Verrucomicrobiales,Verrucomicrobiaceae,Luteolibacter
Otu00390,2,0.371005286,0.016,Bacteria,Verrucomicrobia,Verrucomicrobia_unclassified,Verrucomicrobia_unclassified,Verrucomicrobia_unclassified,Verrucomicrobia_unclassified
Otu00245,2,0.367759231,0.028,Bacteria,Verrucomicrobia,Verrucomicrobiae,Verrucomicrobiales,Verrucomicrobiaceae,Prosthecobacter
Otu00338,2,0.342162215,0.01,Bacteria,Proteobacteria,Gammaproteobacteria,Gammaproteobacteria_unclassified,Gammaproteobacteria_unclassified,Gammaproteobacteria_unclassified
Otu00155,2,0.340355243,0.015,Bacteria,Bacteroidetes,Sphingobacteria,Sphingobacteriales,Chitinophagaceae,Chitinophagaceae_unclassified
Otu00164,2,0.310387242,0.04,Bacteria,Bacteria_unclassified,Bacteria_unclassified,Bacteria_unclassified,Bacteria_unclassified,Bacteria_unclassified
Otu00099,2,0.279431535,0.042,Bacteria,Bacteroidetes,Sphingobacteria,Sphingobacteriales,Sphingobacteriales_unclassified,Sphingobacteriales_unclassified
Otu00347,3,0.944093681,0.001,Bacteria,Bacteria_unclassified,Bacteria_unclassified,Bacteria_unclassified,Bacteria_unclassified,Bacteria_unclassified
Otu00216,3,0.890983279,0.001,Bacteria,Planctomycetes,Planctomycetes_unclassified,Planctomycetes_unclassified,Planctomycetes_unclassified,Planctomycetes_unclassified
Otu00067,3,0.825386449,0.001,Bacteria,Bacteria_unclassified,Bacteria_unclassified,Bacteria_unclassified,Bacteria_unclassified,Bacteria_unclassified
Otu00016,3,0.772070242,0.001,Bacteria,Bacteria_unclassified,Bacteria_unclassified,Bacteria_unclassified,Bacteria_unclassified,Bacteria_unclassified
Otu00230,3,0.722274164,0.001,Bacteria,Bacteria_unclassified,Bacteria_unclassified,Bacteria_unclassified,Bacteria_unclassified,Bacteria_unclassified
Otu00285,3,0.718754276,0.001,Bacteria,Bacteroidetes,Sphingobacteria,Sphingobacteriales,Cyclobacteriaceae,Aquiflexum
Otu00166,3,0.696642876,0.001,Bacteria,Proteobacteria,Alphaproteobacteria,Alphaproteobacteria_unclassified,Alphaproteobacteria_unclassified,Alphaproteobacteria_unclassified
Otu00095,3,0.658634292,0.001,Bacteria,Bacteroidetes,Sphingobacteria,Sphingobacteriales,Flammeovirgaceae,Roseivirga
Otu00100,3,0.645234006,0.001,Bacteria,Bacteroidetes,Sphingobacteria,Sphingobacteriales,Cyclobacteriaceae,Algoriphagus
Otu00006,3,0.623255065,0.004,Bacteria,Proteobacteria,Alphaproteobacteria,Sphingomonadales,Erythrobacteraceae,Porphyrobacter
Otu00057,3,0.619240206,0.001,Bacteria,Bacteria_unclassified,Bacteria_unclassified,Bacteria_unclassified,Bacteria_unclassified,Bacteria_unclassified
Otu00267,3,0.577219867,0.001,Bacteria,Proteobacteria,Alphaproteobacteria,Rhodospirillales,Rhodospirillaceae,Nisaea
Otu00034,3,0.559156471,0.001,Bacteria,Proteobacteria,Gammaproteobacteria,Gammaproteobacteria_unclassified,Gammaproteobacteria_unclassified,Gammaproteobacteria_unclassified
Otu00077,3,0.55619091,0.001,Bacteria,Bacteroidetes,Flavobacteria,Flavobacteriales,Flavobacteriales_unclassified,Flavobacteriales_unclassified
Otu00102,3,0.539133079,0.001,Bacteria,Proteobacteria,Alphaproteobacteria,Rhodospirillales,Rhodospirillaceae,Thalassobaculum
Otu00098,3,0.532861302,0.005,Bacteria,Bacteroidetes,Bacteroidetes_unclassified,Bacteroidetes_unclassified,Bacteroidetes_unclassified,Bacteroidetes_unclassified
Otu00027,3,0.523128003,0.01,Bacteria,Bacteroidetes,Bacteroidetes_unclassified,Bacteroidetes_unclassified,Bacteroidetes_unclassified,Bacteroidetes_unclassified
Otu00046,3,0.515191184,0.001,Bacteria,Bacteria_unclassified,Bacteria_unclassified,Bacteria_unclassified,Bacteria_unclassified,Bacteria_unclassified
Otu00138,3,0.493508571,0.017,Bacteria,Bacteria_unclassified,Bacteria_unclassified,Bacteria_unclassified,Bacteria_unclassified,Bacteria_unclassified
Otu00128,3,0.490023295,0.004,Bacteria,Proteobacteria,Alphaproteobacteria,Alphaproteobacteria_unclassified,Alphaproteobacteria_unclassified,Alphaproteobacteria_unclassified
Otu00308,3,0.482758782,0.002,Bacteria,Bacteroidetes,Sphingobacteria,Sphingobacteriales,Flammeovirgaceae,Flammeovirgaceae_unclassified
Otu00075,3,0.479170352,0.004,Bacteria,Proteobacteria,Gammaproteobacteria,Alteromonadales,Alteromonadaceae,Haliea
Otu00119,3,0.470532276,0.003,Bacteria,Proteobacteria,Alphaproteobacteria,Alphaproteobacteria_unclassified,Alphaproteobacteria_unclassified,Alphaproteobacteria_unclassified
Otu00014,3,0.467364863,0.003,Bacteria,Proteobacteria,Betaproteobacteria,Betaproteobacteria_unclassified,Betaproteobacteria_unclassified,Betaproteobacteria_unclassified
Otu00011,3,0.460433166,0.019,Bacteria,Proteobacteria,Gammaproteobacteria,Gammaproteobacteria_unclassified,Gammaproteobacteria_unclassified,Gammaproteobacteria_unclassified
Otu00147,3,0.458094976,0.033,Bacteria,Proteobacteria,Proteobacteria_unclassified,Proteobacteria_unclassified,Proteobacteria_unclassified,Proteobacteria_unclassified
Otu00012,3,0.445259558,0.044,Bacteria,Proteobacteria,Alphaproteobacteria,Rhodobacterales,Rhodobacteraceae,Phaeobacter
Otu00005,3,0.439038146,0.004,Bacteria,Proteobacteria,Alphaproteobacteria,Rhodobacterales,Rhodobacteraceae,Rhodobacteraceae_unclassified
Otu00076,3,0.43755919,0.01,Bacteria,Bacteroidetes,Flavobacteria,Flavobacteriales,Flavobacteriaceae,Flavobacteriaceae_unclassified
Otu00286,3,0.436297723,0.027,Bacteria,Proteobacteria,Gammaproteobacteria,Chromatiales,Chromatiaceae,Rheinheimera
Otu00179,3,0.434531353,0.024,Bacteria,Verrucomicrobia,Verrucomicrobiae,Verrucomicrobiales,Verrucomicrobiaceae,Prosthecobacter
Otu00072,3,0.432729162,0.002,Bacteria,Proteobacteria,Alphaproteobacteria,Caulobacterales,Hyphomonadaceae,Hyphomonas
Otu00001,3,0.422122559,0.037,Bacteria,Actinobacteria,Actinobacteria,Actinomycetales,Microbacteriaceae,Microbacteriaceae_unclassified
Otu00081,3,0.417364674,0.014,Bacteria,Proteobacteria,Alphaproteobacteria,Rhodobacterales,Rhodobacteraceae,Rhodobacteraceae_unclassified
Otu00195,3,0.407186699,0.038,Bacteria,Bacteria_unclassified,Bacteria_unclassified,Bacteria_unclassified,Bacteria_unclassified,Bacteria_unclassified
Otu00092,3,0.404590847,0.002,Bacteria,Proteobacteria,Gammaproteobacteria,Gammaproteobacteria_unclassified,Gammaproteobacteria_unclassified,Gammaproteobacteria_unclassified
Otu00315,3,0.399783196,0.033,Bacteria,Bacteroidetes,Sphingobacteria,Sphingobacteriales,Flammeovirgaceae,Flammeovirgaceae_unclassified
Otu00039,3,0.398303139,0.006,Bacteria,Proteobacteria,Alphaproteobacteria,Rhodobacterales,Rhodobacteraceae,Rhodobacteraceae_unclassified
Otu00062,3,0.376761431,0.009,Bacteria,Proteobacteria,Betaproteobacteria,Betaproteobacteria_unclassified,Betaproteobacteria_unclassified,Betaproteobacteria_unclassified
Otu00445,3,0.281765882,0.001,Bacteria,Proteobacteria,Alphaproteobacteria,Rhodospirillales,Rhodospirillaceae,Caenispirillum
Otu00405,3,0.278627625,0.015,Bacteria,Verrucomicrobia,Spartobacteria,Spartobacteria_order_incertae_sedis,Spartobacteria_family_incertae_sedis,Spartobacteria_genera_incertae_sedis
Otu00110,4,0.869531286,0.001,Bacteria,Bacteria_unclassified,Bacteria_unclassified,Bacteria_unclassified,Bacteria_unclassified,Bacteria_unclassified
Otu00375,4,0.86861146,0.001,Bacteria,Proteobacteria,Gammaproteobacteria,Alteromonadales,Alteromonadaceae,Haliea
Otu00220,4,0.855654108,0.001,Bacteria,Bacteria_unclassified,Bacteria_unclassified,Bacteria_unclassified,Bacteria_unclassified,Bacteria_unclassified
Otu00221,4,0.846700765,0.001,Bacteria,Proteobacteria,Alphaproteobacteria,Alphaproteobacteria_unclassified,Alphaproteobacteria_unclassified,Alphaproteobacteria_unclassified
Otu00241,4,0.822833492,0.001,Bacteria,Bacteria_unclassified,Bacteria_unclassified,Bacteria_unclassified,Bacteria_unclassified,Bacteria_unclassified
Otu00010,4,0.779303954,0.001,Bacteria,Bacteria_unclassified,Bacteria_unclassified,Bacteria_unclassified,Bacteria_unclassified,Bacteria_unclassified
Otu00287,4,0.778516225,0.001,Bacteria,Proteobacteria,Alphaproteobacteria,Alphaproteobacteria_unclassified,Alphaproteobacteria_unclassified,Alphaproteobacteria_unclassified
Otu00316,4,0.767291267,0.001,Bacteria,Proteobacteria,Alphaproteobacteria,Rhodobacterales,Rhodobacteraceae,Rhodobacteraceae_unclassified
Otu00205,4,0.758814119,0.001,Bacteria,Proteobacteria,Alphaproteobacteria,Sneathiellales,Sneathiellaceae,Sneathiella
Otu00207,4,0.757128424,0.001,Bacteria,Bacteria_unclassified,Bacteria_unclassified,Bacteria_unclassified,Bacteria_unclassified,Bacteria_unclassified
Otu00249,4,0.751878269,0.001,Bacteria,Bacteria_unclassified,Bacteria_unclassified,Bacteria_unclassified,Bacteria_unclassified,Bacteria_unclassified
Otu00055,4,0.743270201,0.001,Bacteria,Proteobacteria,Gammaproteobacteria,Alteromonadales,Alteromonadaceae,Haliea
Otu00101,4,0.713922922,0.001,Bacteria,Tenericutes,Mollicutes,Acholeplasmatales,Acholeplasmataceae,Acholeplasma
Otu00272,4,0.69009996,0.001,Bacteria,Bacteroidetes,Flavobacteria,Flavobacteriales,Flavobacteriales_unclassified,Flavobacteriales_unclassified
Otu00168,4,0.680081625,0.001,Bacteria,Actinobacteria,Actinobacteria,Nitriliruptorales,Nitriliruptoraceae,Nitriliruptor
Otu00208,4,0.642007461,0.001,Bacteria,Bacteria_unclassified,Bacteria_unclassified,Bacteria_unclassified,Bacteria_unclassified,Bacteria_unclassified
Otu00136,4,0.630399388,0.002,Bacteria,Planctomycetes,Planctomycetacia,Planctomycetales,Planctomycetaceae,Rhodopirellula
Otu00184,4,0.629074291,0.001,Bacteria,Bacteroidetes,Sphingobacteria,Sphingobacteriales,Sphingobacteriales_unclassified,Sphingobacteriales_unclassified
Otu00125,4,0.628136343,0.001,Bacteria,Proteobacteria,Gammaproteobacteria,Gammaproteobacteria_unclassified,Gammaproteobacteria_unclassified,Gammaproteobacteria_unclassified
Otu00068,4,0.62211235,0.001,Bacteria,Verrucomicrobia,Verrucomicrobiae,Verrucomicrobiales,Verrucomicrobiaceae,Verrucomicrobiaceae_unclassified
Otu00161,4,0.619142471,0.001,Bacteria,Proteobacteria,Alphaproteobacteria,Rhodobacterales,Rhodobacteraceae,Rhodobacteraceae_unclassified
Otu00149,4,0.617889672,0.001,Bacteria,Proteobacteria,Alphaproteobacteria,Rhodobacterales,Rhodobacteraceae,Rhodobacteraceae_unclassified
Otu00180,4,0.614919058,0.001,Bacteria,Verrucomicrobia,Verrucomicrobiae,Verrucomicrobiales,Verrucomicrobiaceae,Haloferula
Otu00310,4,0.61314365,0.001,Bacteria,Bacteroidetes,Flavobacteria,Flavobacteriales,Flavobacteriaceae,Flavobacteriaceae_unclassified
Otu00252,4,0.612008647,0.001,Bacteria,Proteobacteria,Gammaproteobacteria,Gammaproteobacteria_unclassified,Gammaproteobacteria_unclassified,Gammaproteobacteria_unclassified
Otu00335,4,0.611965768,0.001,Bacteria,Bacteroidetes,Sphingobacteria,Sphingobacteriales,Sphingobacteriales_unclassified,Sphingobacteriales_unclassified
Otu00283,4,0.60793161,0.001,Bacteria,Bacteroidetes,Sphingobacteria,Sphingobacteriales,Sphingobacteriales_unclassified,Sphingobacteriales_unclassified
Otu00124,4,0.604203662,0.001,Bacteria,Proteobacteria,Alphaproteobacteria,Sphingomonadales,Erythrobacteraceae,Erythrobacteraceae_unclassified
Otu00197,4,0.591570901,0.001,Bacteria,Proteobacteria,Gammaproteobacteria,Gammaproteobacteria_unclassified,Gammaproteobacteria_unclassified,Gammaproteobacteria_unclassified
Otu00171,4,0.573852271,0.001,Bacteria,Proteobacteria,Alphaproteobacteria,Alphaproteobacteria_unclassified,Alphaproteobacteria_unclassified,Alphaproteobacteria_unclassified
Otu00215,4,0.563232741,0.002,Bacteria,Proteobacteria,Alphaproteobacteria,Rhodobacterales,Rhodobacteraceae,Rhodobacteraceae_unclassified
Otu00173,4,0.560702632,0.001,Bacteria,Bacteria_unclassified,Bacteria_unclassified,Bacteria_unclassified,Bacteria_unclassified,Bacteria_unclassified
Otu00306,4,0.556926967,0.001,Bacteria,Bacteria_unclassified,Bacteria_unclassified,Bacteria_unclassified,Bacteria_unclassified,Bacteria_unclassified
Otu00276,4,0.551345741,0.001,Bacteria,Proteobacteria,Alphaproteobacteria,Rhizobiales,Phyllobacteriaceae,Phyllobacteriaceae_unclassified
Otu00064,4,0.54846888,0.001,Bacteria,Proteobacteria,Alphaproteobacteria,Rhodobacterales,Rhodobacteraceae,Rhodobacteraceae_unclassified
Otu00403,4,0.546756739,0.001,Bacteria,Proteobacteria,Betaproteobacteria,Betaproteobacteria_unclassified,Betaproteobacteria_unclassified,Betaproteobacteria_unclassified
Otu00035,4,0.53255311,0.006,Bacteria,Proteobacteria,Alphaproteobacteria,Rhodobacterales,Rhodobacteraceae,Loktanella
Otu00080,4,0.523587719,0.002,Bacteria,Bacteroidetes,Sphingobacteria,Sphingobacteriales,Saprospiraceae,Saprospiraceae_unclassified
Otu00452,4,0.521407474,0.001,Bacteria,Bacteria_unclassified,Bacteria_unclassified,Bacteria_unclassified,Bacteria_unclassified,Bacteria_unclassified
Otu00047,4,0.514754147,0.003,Bacteria,Proteobacteria,Alphaproteobacteria,Rhodobacterales,Rhodobacteraceae,Rhodobacteraceae_unclassified
Otu00029,4,0.50623575,0.006,Bacteria,Proteobacteria,Alphaproteobacteria,Rhodobacterales,Rhodobacteraceae,Marivita
Otu00106,4,0.490086063,0.001,Bacteria,Proteobacteria,Gammaproteobacteria,Gammaproteobacteria_unclassified,Gammaproteobacteria_unclassified,Gammaproteobacteria_unclassified
Otu00385,4,0.485050276,0.001,Bacteria,Proteobacteria,Deltaproteobacteria,Desulfuromonadales,Desulfuromonadaceae,Desulfuromonadaceae_unclassified
Otu00231,4,0.47155609,0.001,Bacteria,Bacteroidetes,Sphingobacteria,Sphingobacteriales,Saprospiraceae,Saprospiraceae_unclassified
Otu00265,4,0.468771174,0.003,Bacteria,Proteobacteria,Alphaproteobacteria,Sphingomonadales,Erythrobacteraceae,Erythrobacter
Otu00263,4,0.457839598,0.012,Bacteria,Bacteroidetes,Flavobacteria,Flavobacteriales,Flavobacteriaceae,Flavobacteriaceae_unclassified
Otu00094,4,0.457328081,0.002,Bacteria,Bacteroidetes,Sphingobacteria,Sphingobacteriales,Chitinophagaceae,Chitinophagaceae_unclassified
Otu00063,4,0.437530589,0.013,Bacteria,Bacteria_unclassified,Bacteria_unclassified,Bacteria_unclassified,Bacteria_unclassified,Bacteria_unclassified
Otu00395,4,0.434555606,0.001,Bacteria,Proteobacteria,Gammaproteobacteria,Gammaproteobacteria_unclassified,Gammaproteobacteria_unclassified,Gammaproteobacteria_unclassified
Otu00213,4,0.414489181,0.015,Bacteria,Proteobacteria,Alphaproteobacteria,Alphaproteobacteria_unclassified,Alphaproteobacteria_unclassified,Alphaproteobacteria_unclassified
Otu00209,4,0.414174751,0.024,Bacteria,Proteobacteria,Proteobacteria_unclassified,Proteobacteria_unclassified,Proteobacteria_unclassified,Proteobacteria_unclassified
Otu00085,4,0.395066679,0.036,Bacteria,Bacteria_unclassified,Bacteria_unclassified,Bacteria_unclassified,Bacteria_unclassified,Bacteria_unclassified
Otu00300,4,0.367274831,0.006,Bacteria,Bacteroidetes,Flavobacteria,Flavobacteriales,Flavobacteriaceae,Kordia
Otu00383,4,0.345416564,0.002,Bacteria,Bacteroidetes,Bacteroidetes_unclassified,Bacteroidetes_unclassified,Bacteroidetes_unclassified,Bacteroidetes_unclassified
Otu00185,4,0.32939413,0.006,Bacteria,Bacteria_unclassified,Bacteria_unclassified,Bacteria_unclassified,Bacteria_unclassified,Bacteria_unclassified
Otu00415,4,0.313958629,0.004,Bacteria,Bacteroidetes,Sphingobacteria,Sphingobacteriales,Chitinophagaceae,Chitinophagaceae_unclassified
Otu00083,4,0.301340997,0.01,Bacteria,Bacteroidetes,Bacteroidetes_unclassified,Bacteroidetes_unclassified,Bacteroidetes_unclassified,Bacteroidetes_unclassified
